1E941j4aEDZePQTMgy772GBABPUXWbsqma,17AYseKBCbuhCJZct6rmxQJVyWS4YW2jLT,4022000.00,512d8fdf5035ce95a4e82241c33dc275a05fa65579ebbd731e18be6778d16164
1E941j4aEDZePQTMgy772GBABPUXWbsqma,1E941j4aEDZePQTMgy772GBABPUXWbsqma,2728536980.00,512d8fdf5035ce95a4e82241c33dc275a05fa65579ebbd731e18be6778d16164
1CunXLRgqJKRtTMFAu1nEeQEqKSNrCwNAy,1C6yNTp8y1QVAwjPGLRMx9q6X5rMZZsSP,17887877152.00,1cc1a20ecb4176a00ad48a881930a80361a42e51202ce5c6990804c26dfe9eca
1CunXLRgqJKRtTMFAu1nEeQEqKSNrCwNAy,157cCR3MPXKyfkw7yF8MHrmmbutZUCCcVS,28764810.00,1cc1a20ecb4176a00ad48a881930a80361a42e51202ce5c6990804c26dfe9eca
19yts6bQomKvDjJRRyR87QbdwxbYtCS917,1BoJoT2oEdrjfVy2mWEfBkJwERULrcBrgB,1000000.00,6ebb54f1b7610b1cffb42856bf48ae9e89a7c6beb8c653a7cd9bab8eb71b1111
19yts6bQomKvDjJRRyR87QbdwxbYtCS917,1AXKNbarxTGenp5xVJPZSC3gRSiQ7hmn4H,2675100.00,6ebb54f1b7610b1cffb42856bf48ae9e89a7c6beb8c653a7cd9bab8eb71b1111
19sF921VEvBBE2536rDVw9YVHDYNJA5bfU,1PN4aBsdodxbuZsjrD4wvCP9qC34fJiU1H,7564.60,df4fd0ee1f98f5a50e094105dbe52d76d831f7d62ab988fe14009795d12f6673
19sF921VEvBBE2536rDVw9YVHDYNJA5bfU,1ur94aJt4NR2nQv42aAje3vfJDzZLRhV5,19943.28,df4fd0ee1f98f5a50e094105dbe52d76d831f7d62ab988fe14009795d12f6673
19sF921VEvBBE2536rDVw9YVHDYNJA5bfU,14GPoyv7AC4cKaawH3ruTGyAWHHQqGXpuF,229003.47,df4fd0ee1f98f5a50e094105dbe52d76d831f7d62ab988fe14009795d12f6673
19sF921VEvBBE2536rDVw9YVHDYNJA5bfU,1KKNCeiGJWCzpH9xnNV2dhYWfM55soCdYF,7564.60,df4fd0ee1f98f5a50e094105dbe52d76d831f7d62ab988fe14009795d12f6673
19sF921VEvBBE2536rDVw9YVHDYNJA5bfU,16iwcSsNCsShUZa3qUaCikERACZ9Nw72Df,9169.20,df4fd0ee1f98f5a50e094105dbe52d76d831f7d62ab988fe14009795d12f6673
19sF921VEvBBE2536rDVw9YVHDYNJA5bfU,19qNCB2b9azsZq4JHVoHQ39mbSqP7TaKX1,195764.66,df4fd0ee1f98f5a50e094105dbe52d76d831f7d62ab988fe14009795d12f6673
19sF921VEvBBE2536rDVw9YVHDYNJA5bfU,19X9tA6GYgSbSJfXv6roySrBPYVfygr6xb,76334.58,df4fd0ee1f98f5a50e094105dbe52d76d831f7d62ab988fe14009795d12f6673
19sF921VEvBBE2536rDVw9YVHDYNJA5bfU,1AqaGfRE2LkixANdY2hFLjCfAcNrrns9Sp,13753.94,df4fd0ee1f98f5a50e094105dbe52d76d831f7d62ab988fe14009795d12f6673
19sF921VEvBBE2536rDVw9YVHDYNJA5bfU,1QBgYLFfFZE9YEprdw5ii4woggBygdcDBV,379562.90,df4fd0ee1f98f5a50e094105dbe52d76d831f7d62ab988fe14009795d12f6673
19sF921VEvBBE2536rDVw9YVHDYNJA5bfU,19SPQeNGWkKXNXM3iqov1Jp4ZWgcebqUtG,381672.35,df4fd0ee1f98f5a50e094105dbe52d76d831f7d62ab988fe14009795d12f6673
19sF921VEvBBE2536rDVw9YVHDYNJA5bfU,1KuPb4JJVZsFwfr9he64xtRZe68WP4hN42,38281.97,df4fd0ee1f98f5a50e094105dbe52d76d831f7d62ab988fe14009795d12f6673
1MDBposvXbJJas7FQKcXay3oJij64eAfYB,1PN4aBsdodxbuZsjrD4wvCP9qC34fJiU1H,19316.40,df4fd0ee1f98f5a50e094105dbe52d76d831f7d62ab988fe14009795d12f6673
1MDBposvXbJJas7FQKcXay3oJij64eAfYB,1ur94aJt4NR2nQv42aAje3vfJDzZLRhV5,50925.72,df4fd0ee1f98f5a50e094105dbe52d76d831f7d62ab988fe14009795d12f6673
1MDBposvXbJJas7FQKcXay3oJij64eAfYB,14GPoyv7AC4cKaawH3ruTGyAWHHQqGXpuF,584766.53,df4fd0ee1f98f5a50e094105dbe52d76d831f7d62ab988fe14009795d12f6673
1MDBposvXbJJas7FQKcXay3oJij64eAfYB,1KKNCeiGJWCzpH9xnNV2dhYWfM55soCdYF,19316.40,df4fd0ee1f98f5a50e094105dbe52d76d831f7d62ab988fe14009795d12f6673
1MDBposvXbJJas7FQKcXay3oJij64eAfYB,16iwcSsNCsShUZa3qUaCikERACZ9Nw72Df,23413.80,df4fd0ee1f98f5a50e094105dbe52d76d831f7d62ab988fe14009795d12f6673
1MDBposvXbJJas7FQKcXay3oJij64eAfYB,19qNCB2b9azsZq4JHVoHQ39mbSqP7TaKX1,499890.34,df4fd0ee1f98f5a50e094105dbe52d76d831f7d62ab988fe14009795d12f6673
1MDBposvXbJJas7FQKcXay3oJij64eAfYB,19X9tA6GYgSbSJfXv6roySrBPYVfygr6xb,194922.42,df4fd0ee1f98f5a50e094105dbe52d76d831f7d62ab988fe14009795d12f6673
1MDBposvXbJJas7FQKcXay3oJij64eAfYB,1AqaGfRE2LkixANdY2hFLjCfAcNrrns9Sp,35121.06,df4fd0ee1f98f5a50e094105dbe52d76d831f7d62ab988fe14009795d12f6673
1MDBposvXbJJas7FQKcXay3oJij64eAfYB,1QBgYLFfFZE9YEprdw5ii4woggBygdcDBV,969224.10,df4fd0ee1f98f5a50e094105dbe52d76d831f7d62ab988fe14009795d12f6673
1MDBposvXbJJas7FQKcXay3oJij64eAfYB,19SPQeNGWkKXNXM3iqov1Jp4ZWgcebqUtG,974610.65,df4fd0ee1f98f5a50e094105dbe52d76d831f7d62ab988fe14009795d12f6673
1MDBposvXbJJas7FQKcXay3oJij64eAfYB,1KuPb4JJVZsFwfr9he64xtRZe68WP4hN42,97754.03,df4fd0ee1f98f5a50e094105dbe52d76d831f7d62ab988fe14009795d12f6673
1FDuU3N5mmC4edy4Fm5xAsMkF4GuEt4sWq,1CmT7PjdACab8QfJXmzYpKvfvbbvHyPsVp,730152.00,830154c7fe67c85dc220726a075b5b0c8fd62552428bdc0fb674fed7b42e1c9b
1FDuU3N5mmC4edy4Fm5xAsMkF4GuEt4sWq,17gyzafoi3MhUiNKFovG9NLHVhWqsLv2to,3613213.00,830154c7fe67c85dc220726a075b5b0c8fd62552428bdc0fb674fed7b42e1c9b
12p4wDtaWMc9D3KQzTVtCTTgBu236F2vmz,15MHN15AGGq9usMdTA6VUw51ZDRihqPzwW,120000.00,248538506fc1c6f6d71307cc6fd61e43c50c4ff2c4f3c63702f106fe51bace17
12p4wDtaWMc9D3KQzTVtCTTgBu236F2vmz,12p4wDtaWMc9D3KQzTVtCTTgBu236F2vmz,1885260.00,248538506fc1c6f6d71307cc6fd61e43c50c4ff2c4f3c63702f106fe51bace17
1HNNsWXyGqXpEax5TYy47QGVAjeBX8impr,1GvmDEybd2UZtfzLNryiGPDnNosBruWand,1540000.00,49e8bdc06257a3b36c7d29f569e400a732e1ce429008d8c7f308236106fa5186
1FWo5x5YMKkPJ2giGmzqJHvjYkZ75jKFEa,15AEap1u9XLajiSGm5d1V2JDuZoUSpxNtR,1290900.00,8ef39f7311a3e8e43085d179666d9223f9b4f6bc52133afc628c6ccce9c45b42
12p4wDtaWMc9D3KQzTVtCTTgBu236F2vmz,1M4KQBsFqNHC554neXN24Uvorafu1NtHdr,198100.00,d67fad23427bdc2129a42c5d91d2f9f05e0e9201409e8f4ac963b41d26ed66bf
12p4wDtaWMc9D3KQzTVtCTTgBu236F2vmz,12p4wDtaWMc9D3KQzTVtCTTgBu236F2vmz,3401860.00,d67fad23427bdc2129a42c5d91d2f9f05e0e9201409e8f4ac963b41d26ed66bf
19FL6X48JUNzRiY5JVP987AJh1r7uYucme,1MXYLeXL5x7Xh3zEhJuiqDMCmotEg73PyH,47181371.00,61c0b9bdc4174ad175f96f566acdb47f8dcba9bc456ca2cea8fae6430069f931
19FL6X48JUNzRiY5JVP987AJh1r7uYucme,1HDZaaDHkJCwwH94zXzYXsRgLDR5YcVv2S,27789500.00,61c0b9bdc4174ad175f96f566acdb47f8dcba9bc456ca2cea8fae6430069f931
12p4wDtaWMc9D3KQzTVtCTTgBu236F2vmz,14MZckGStZHBkna9gFUerv4QdsNakHtkRD,337500.00,823eecf4ed7dacd032850721067313318e3032fbe9ec011f5ae7498d64b0662b
12p4wDtaWMc9D3KQzTVtCTTgBu236F2vmz,12p4wDtaWMc9D3KQzTVtCTTgBu236F2vmz,3669160.00,823eecf4ed7dacd032850721067313318e3032fbe9ec011f5ae7498d64b0662b
1BMLUBy8MMEmpvudWhHXgnv5VCNr5ZxF3n,141YWRzAiYvmphwy39JqAcRYNynx48fDk9,50000.00,8c1c59054f54fc7fd0d359a6fb460dc4e4c07edb86265f5fc752a0b1b8ef8d77
1BMLUBy8MMEmpvudWhHXgnv5VCNr5ZxF3n,141YWRzAiYvmphwy39JqAcRYNynx48fDk9,50000.00,8c1c59054f54fc7fd0d359a6fb460dc4e4c07edb86265f5fc752a0b1b8ef8d77
1BMLUBy8MMEmpvudWhHXgnv5VCNr5ZxF3n,141YWRzAiYvmphwy39JqAcRYNynx48fDk9,50000.00,8c1c59054f54fc7fd0d359a6fb460dc4e4c07edb86265f5fc752a0b1b8ef8d77
1BMLUBy8MMEmpvudWhHXgnv5VCNr5ZxF3n,141YWRzAiYvmphwy39JqAcRYNynx48fDk9,50000.00,8c1c59054f54fc7fd0d359a6fb460dc4e4c07edb86265f5fc752a0b1b8ef8d77
1BMLUBy8MMEmpvudWhHXgnv5VCNr5ZxF3n,141YWRzAiYvmphwy39JqAcRYNynx48fDk9,50000.00,8c1c59054f54fc7fd0d359a6fb460dc4e4c07edb86265f5fc752a0b1b8ef8d77
1BMLUBy8MMEmpvudWhHXgnv5VCNr5ZxF3n,141YWRzAiYvmphwy39JqAcRYNynx48fDk9,50000.00,8c1c59054f54fc7fd0d359a6fb460dc4e4c07edb86265f5fc752a0b1b8ef8d77
1BMLUBy8MMEmpvudWhHXgnv5VCNr5ZxF3n,141YWRzAiYvmphwy39JqAcRYNynx48fDk9,50000.00,8c1c59054f54fc7fd0d359a6fb460dc4e4c07edb86265f5fc752a0b1b8ef8d77
1BMLUBy8MMEmpvudWhHXgnv5VCNr5ZxF3n,141YWRzAiYvmphwy39JqAcRYNynx48fDk9,50000.00,8c1c59054f54fc7fd0d359a6fb460dc4e4c07edb86265f5fc752a0b1b8ef8d77
1BMLUBy8MMEmpvudWhHXgnv5VCNr5ZxF3n,141YWRzAiYvmphwy39JqAcRYNynx48fDk9,50000.00,8c1c59054f54fc7fd0d359a6fb460dc4e4c07edb86265f5fc752a0b1b8ef8d77
1BMLUBy8MMEmpvudWhHXgnv5VCNr5ZxF3n,141YWRzAiYvmphwy39JqAcRYNynx48fDk9,50000.00,8c1c59054f54fc7fd0d359a6fb460dc4e4c07edb86265f5fc752a0b1b8ef8d77
1BMLUBy8MMEmpvudWhHXgnv5VCNr5ZxF3n,1BMLUBy8MMEmpvudWhHXgnv5VCNr5ZxF3n,70000.00,8c1c59054f54fc7fd0d359a6fb460dc4e4c07edb86265f5fc752a0b1b8ef8d77
12p4wDtaWMc9D3KQzTVtCTTgBu236F2vmz,1FwcfS5dLeKrZFUpg8Akytb5zazFLrtmcf,240000.00,8cf3225152e6706b1d83de37aa13b086be2237d4ae0840e3b72f2be83c6d7f8d
12p4wDtaWMc9D3KQzTVtCTTgBu236F2vmz,12p4wDtaWMc9D3KQzTVtCTTgBu236F2vmz,4075860.00,8cf3225152e6706b1d83de37aa13b086be2237d4ae0840e3b72f2be83c6d7f8d
15gfzk43YZQ7Sp6dqxwjXfTyfuz43vRL9n,1GqTiFCsZ3X9C5DmG9vcLy2zpDtLYik1Nh,6309886.00,e016ae016f71e4f269b7e1ac4ea97940b1a32007798b32cd28d5bf4eba8c58ba
1HocSVwmV1aqCVAAtvkSu5zCx2iJ6rJVkR,15AEap1u9XLajiSGm5d1V2JDuZoUSpxNtR,1533700.00,67e8b7b52ee5b74e6e1583b350d6aad240c6f0d9ce0a1f4c0838db3739a75f85
1KnuRe1m9Y9GpdK9Qd7eniHuEVfYw5eJpQ,1NA9uM1aqD1PRay83apNYWvoo8DxQxT9iT,14094000.00,35e1e265fde8b55fbc967b1e639a6dc33235a3957ae6ee0dbec47994e197f25f
1KnuRe1m9Y9GpdK9Qd7eniHuEVfYw5eJpQ,1ELAB7tAgmqtKaEgjv8FCrGgApqVs3fuq,17953184680.00,35e1e265fde8b55fbc967b1e639a6dc33235a3957ae6ee0dbec47994e197f25f
18eKpnw4xwHrDJ6TwC2SmMNhZ4FWs73gAG,15AEap1u9XLajiSGm5d1V2JDuZoUSpxNtR,1495100.00,252891743fa015f5b19f3edc2933bc5da969cd2dee51ff52ea5805e385ca357c
1GGYWZ1PXC3raWg2z3kFpWYXhwK7XrRhnm,16pwHUAdRj78ayhYLzeq9NhsCsydki7fWf,14444000.00,bdb94d4ba0880864b1def8a33613bf93bd9307651fd1f2e6c03884d2d16180a0
1GGYWZ1PXC3raWg2z3kFpWYXhwK7XrRhnm,1GGYWZ1PXC3raWg2z3kFpWYXhwK7XrRhnm,1103538280.00,bdb94d4ba0880864b1def8a33613bf93bd9307651fd1f2e6c03884d2d16180a0
1MUJJjk4aXQwrCgTY97vYBVZCAE3YQXz9a,14tSTWwpa4nuJLSbMTBbxctQM8ncuNmh57,26221.01,893a5bcd0b6cd83ac804e8c851d0a619ec1e288c8662c41d2d860c6ca021dc34
1MUJJjk4aXQwrCgTY97vYBVZCAE3YQXz9a,1DSKBghtRKjVDsxstjK35TJcBj5gR194Jk,5181.33,893a5bcd0b6cd83ac804e8c851d0a619ec1e288c8662c41d2d860c6ca021dc34
1MUJJjk4aXQwrCgTY97vYBVZCAE3YQXz9a,1A6adXekEQgLLNGPxUwLdSvbsc8rmFQPYa,183075.40,893a5bcd0b6cd83ac804e8c851d0a619ec1e288c8662c41d2d860c6ca021dc34
1MUJJjk4aXQwrCgTY97vYBVZCAE3YQXz9a,12cZneMHGKgMHHwn1oME5goiNfMx5WqLaz,107709.95,893a5bcd0b6cd83ac804e8c851d0a619ec1e288c8662c41d2d860c6ca021dc34
1MUJJjk4aXQwrCgTY97vYBVZCAE3YQXz9a,14P4pDWP3pBFDUWWn11Wi8C8PAMvsm12jp,522848.48,893a5bcd0b6cd83ac804e8c851d0a619ec1e288c8662c41d2d860c6ca021dc34
1MUJJjk4aXQwrCgTY97vYBVZCAE3YQXz9a,19sF921VEvBBE2536rDVw9YVHDYNJA5bfU,269957.69,893a5bcd0b6cd83ac804e8c851d0a619ec1e288c8662c41d2d860c6ca021dc34
1MUJJjk4aXQwrCgTY97vYBVZCAE3YQXz9a,1DWV8S93L5biYmd4svn2n4ixXuTE1NvPrh,26063.92,893a5bcd0b6cd83ac804e8c851d0a619ec1e288c8662c41d2d860c6ca021dc34
1MUJJjk4aXQwrCgTY97vYBVZCAE3YQXz9a,1JKTPcJhV2AJ7ntLhiwh7t2m8orTDQjK35,10519.74,893a5bcd0b6cd83ac804e8c851d0a619ec1e288c8662c41d2d860c6ca021dc34
1MUJJjk4aXQwrCgTY97vYBVZCAE3YQXz9a,13Zmsd8sdipZtyXKFk7H73x3qzZDrQZj6h,486264.82,893a5bcd0b6cd83ac804e8c851d0a619ec1e288c8662c41d2d860c6ca021dc34
1MUJJjk4aXQwrCgTY97vYBVZCAE3YQXz9a,16eSe7XAVYQ7bixyGe9JroQffVVeLVYst,104569.66,893a5bcd0b6cd83ac804e8c851d0a619ec1e288c8662c41d2d860c6ca021dc34
1MUJJjk4aXQwrCgTY97vYBVZCAE3YQXz9a,1LmvFiJZbNwiuRo5CpruafSCphNLTHJt9G,52284.92,893a5bcd0b6cd83ac804e8c851d0a619ec1e288c8662c41d2d860c6ca021dc34
16hHuwdtaTEVJUL9P9qQXkdff626fMEog7,14tSTWwpa4nuJLSbMTBbxctQM8ncuNmh57,16407.49,893a5bcd0b6cd83ac804e8c851d0a619ec1e288c8662c41d2d860c6ca021dc34
16hHuwdtaTEVJUL9P9qQXkdff626fMEog7,1DSKBghtRKjVDsxstjK35TJcBj5gR194Jk,3242.16,893a5bcd0b6cd83ac804e8c851d0a619ec1e288c8662c41d2d860c6ca021dc34
15gPkHVEetW3cPwG3KtCJTRrgHqNsHwNvU,1Hoh1ffXuJp7PkLd3Z5mk99jyvxYqVEqGZ,30000.00,331a06b51c1925c4708029477ba6a2a50bae8f648b79d166061a6d03fb4aff68
16hHuwdtaTEVJUL9P9qQXkdff626fMEog7,1A6adXekEQgLLNGPxUwLdSvbsc8rmFQPYa,114557.32,893a5bcd0b6cd83ac804e8c851d0a619ec1e288c8662c41d2d860c6ca021dc34
16hHuwdtaTEVJUL9P9qQXkdff626fMEog7,12cZneMHGKgMHHwn1oME5goiNfMx5WqLaz,67398.26,893a5bcd0b6cd83ac804e8c851d0a619ec1e288c8662c41d2d860c6ca021dc34
16hHuwdtaTEVJUL9P9qQXkdff626fMEog7,14P4pDWP3pBFDUWWn11Wi8C8PAMvsm12jp,327166.40,893a5bcd0b6cd83ac804e8c851d0a619ec1e288c8662c41d2d860c6ca021dc34
16hHuwdtaTEVJUL9P9qQXkdff626fMEog7,19sF921VEvBBE2536rDVw9YVHDYNJA5bfU,168922.91,893a5bcd0b6cd83ac804e8c851d0a619ec1e288c8662c41d2d860c6ca021dc34
16hHuwdtaTEVJUL9P9qQXkdff626fMEog7,1DWV8S93L5biYmd4svn2n4ixXuTE1NvPrh,16309.19,893a5bcd0b6cd83ac804e8c851d0a619ec1e288c8662c41d2d860c6ca021dc34
16hHuwdtaTEVJUL9P9qQXkdff626fMEog7,1JKTPcJhV2AJ7ntLhiwh7t2m8orTDQjK35,6582.61,893a5bcd0b6cd83ac804e8c851d0a619ec1e288c8662c41d2d860c6ca021dc34
16hHuwdtaTEVJUL9P9qQXkdff626fMEog7,13Zmsd8sdipZtyXKFk7H73x3qzZDrQZj6h,304274.60,893a5bcd0b6cd83ac804e8c851d0a619ec1e288c8662c41d2d860c6ca021dc34
16hHuwdtaTEVJUL9P9qQXkdff626fMEog7,16eSe7XAVYQ7bixyGe9JroQffVVeLVYst,65433.26,893a5bcd0b6cd83ac804e8c851d0a619ec1e288c8662c41d2d860c6ca021dc34
16hHuwdtaTEVJUL9P9qQXkdff626fMEog7,1LmvFiJZbNwiuRo5CpruafSCphNLTHJt9G,32716.69,893a5bcd0b6cd83ac804e8c851d0a619ec1e288c8662c41d2d860c6ca021dc34
1Htdv2k3EdNmPaVKD1J2W7t7wRYe6dVYtx,14tSTWwpa4nuJLSbMTBbxctQM8ncuNmh57,56643.51,893a5bcd0b6cd83ac804e8c851d0a619ec1e288c8662c41d2d860c6ca021dc34
1Htdv2k3EdNmPaVKD1J2W7t7wRYe6dVYtx,1DSKBghtRKjVDsxstjK35TJcBj5gR194Jk,11192.88,893a5bcd0b6cd83ac804e8c851d0a619ec1e288c8662c41d2d860c6ca021dc34
1Htdv2k3EdNmPaVKD1J2W7t7wRYe6dVYtx,1A6adXekEQgLLNGPxUwLdSvbsc8rmFQPYa,395485.69,893a5bcd0b6cd83ac804e8c851d0a619ec1e288c8662c41d2d860c6ca021dc34
1Htdv2k3EdNmPaVKD1J2W7t7wRYe6dVYtx,12cZneMHGKgMHHwn1oME5goiNfMx5WqLaz,232678.68,893a5bcd0b6cd83ac804e8c851d0a619ec1e288c8662c41d2d860c6ca021dc34
1Htdv2k3EdNmPaVKD1J2W7t7wRYe6dVYtx,14P4pDWP3pBFDUWWn11Wi8C8PAMvsm12jp,1129475.02,893a5bcd0b6cd83ac804e8c851d0a619ec1e288c8662c41d2d860c6ca021dc34
1Htdv2k3EdNmPaVKD1J2W7t7wRYe6dVYtx,19sF921VEvBBE2536rDVw9YVHDYNJA5bfU,583171.76,893a5bcd0b6cd83ac804e8c851d0a619ec1e288c8662c41d2d860c6ca021dc34
1Htdv2k3EdNmPaVKD1J2W7t7wRYe6dVYtx,1DWV8S93L5biYmd4svn2n4ixXuTE1NvPrh,56304.16,893a5bcd0b6cd83ac804e8c851d0a619ec1e288c8662c41d2d860c6ca021dc34
1Htdv2k3EdNmPaVKD1J2W7t7wRYe6dVYtx,1JKTPcJhV2AJ7ntLhiwh7t2m8orTDQjK35,22725.11,893a5bcd0b6cd83ac804e8c851d0a619ec1e288c8662c41d2d860c6ca021dc34
1Htdv2k3EdNmPaVKD1J2W7t7wRYe6dVYtx,13Zmsd8sdipZtyXKFk7H73x3qzZDrQZj6h,1050445.76,893a5bcd0b6cd83ac804e8c851d0a619ec1e288c8662c41d2d860c6ca021dc34
1Htdv2k3EdNmPaVKD1J2W7t7wRYe6dVYtx,16eSe7XAVYQ7bixyGe9JroQffVVeLVYst,225894.92,893a5bcd0b6cd83ac804e8c851d0a619ec1e288c8662c41d2d860c6ca021dc34
1Htdv2k3EdNmPaVKD1J2W7t7wRYe6dVYtx,1LmvFiJZbNwiuRo5CpruafSCphNLTHJt9G,112947.67,893a5bcd0b6cd83ac804e8c851d0a619ec1e288c8662c41d2d860c6ca021dc34
18tXEhNXWLE3hskqnZYCBTuhGVSZj6Qp9u,14tSTWwpa4nuJLSbMTBbxctQM8ncuNmh57,36763.99,893a5bcd0b6cd83ac804e8c851d0a619ec1e288c8662c41d2d860c6ca021dc34
18tXEhNXWLE3hskqnZYCBTuhGVSZj6Qp9u,1DSKBghtRKjVDsxstjK35TJcBj5gR194Jk,7264.64,893a5bcd0b6cd83ac804e8c851d0a619ec1e288c8662c41d2d860c6ca021dc34
18tXEhNXWLE3hskqnZYCBTuhGVSZj6Qp9u,1A6adXekEQgLLNGPxUwLdSvbsc8rmFQPYa,256686.60,893a5bcd0b6cd83ac804e8c851d0a619ec1e288c8662c41d2d860c6ca021dc34
18tXEhNXWLE3hskqnZYCBTuhGVSZj6Qp9u,12cZneMHGKgMHHwn1oME5goiNfMx5WqLaz,151018.11,893a5bcd0b6cd83ac804e8c851d0a619ec1e288c8662c41d2d860c6ca021dc34
18tXEhNXWLE3hskqnZYCBTuhGVSZj6Qp9u,14P4pDWP3pBFDUWWn11Wi8C8PAMvsm12jp,733076.10,893a5bcd0b6cd83ac804e8c851d0a619ec1e288c8662c41d2d860c6ca021dc34
18tXEhNXWLE3hskqnZYCBTuhGVSZj6Qp9u,19sF921VEvBBE2536rDVw9YVHDYNJA5bfU,378502.64,893a5bcd0b6cd83ac804e8c851d0a619ec1e288c8662c41d2d860c6ca021dc34
18tXEhNXWLE3hskqnZYCBTuhGVSZj6Qp9u,1DWV8S93L5biYmd4svn2n4ixXuTE1NvPrh,36543.73,893a5bcd0b6cd83ac804e8c851d0a619ec1e288c8662c41d2d860c6ca021dc34
18tXEhNXWLE3hskqnZYCBTuhGVSZj6Qp9u,1JKTPcJhV2AJ7ntLhiwh7t2m8orTDQjK35,14749.54,893a5bcd0b6cd83ac804e8c851d0a619ec1e288c8662c41d2d860c6ca021dc34
18tXEhNXWLE3hskqnZYCBTuhGVSZj6Qp9u,13Zmsd8sdipZtyXKFk7H73x3qzZDrQZj6h,681782.83,893a5bcd0b6cd83ac804e8c851d0a619ec1e288c8662c41d2d860c6ca021dc34
18tXEhNXWLE3hskqnZYCBTuhGVSZj6Qp9u,16eSe7XAVYQ7bixyGe9JroQffVVeLVYst,146615.17,893a5bcd0b6cd83ac804e8c851d0a619ec1e288c8662c41d2d860c6ca021dc34
18tXEhNXWLE3hskqnZYCBTuhGVSZj6Qp9u,1LmvFiJZbNwiuRo5CpruafSCphNLTHJt9G,73307.72,893a5bcd0b6cd83ac804e8c851d0a619ec1e288c8662c41d2d860c6ca021dc34
15gPkHVEetW3cPwG3KtCJTRrgHqNsHwNvU,15gPkHVEetW3cPwG3KtCJTRrgHqNsHwNvU,1610460.00,331a06b51c1925c4708029477ba6a2a50bae8f648b79d166061a6d03fb4aff68
12p4wDtaWMc9D3KQzTVtCTTgBu236F2vmz,16eGk311CZ2fpk1zpRXvxgd2uJM3MGb3GW,1197851.49,34949b7ff60d15d90d60fa5105652c8332b681ec68876c48c979bbefe70d968c
12p4wDtaWMc9D3KQzTVtCTTgBu236F2vmz,15gPkHVEetW3cPwG3KtCJTRrgHqNsHwNvU,511613.78,34949b7ff60d15d90d60fa5105652c8332b681ec68876c48c979bbefe70d968c
16d59w3tgbh8zKXJDuZpn9vgA85si1kewp,1NcUiKkURZPd3VZEH9uBe5cRdiseWL2Jbi,1049392.00,59736e172c0c13a3fb5bf501ac60122abe43364258bba50f392be535c3a6c3b1
16d59w3tgbh8zKXJDuZpn9vgA85si1kewp,1HbbFuJCuDkycx6WKcsTn8Z493tgTUQErS,795000.00,59736e172c0c13a3fb5bf501ac60122abe43364258bba50f392be535c3a6c3b1
1GGYWZ1PXC3raWg2z3kFpWYXhwK7XrRhnm,1C6oc46AiAnSrsu7TzuKTXR6NmnFbb823K,22221000.00,71eace05fedbe8fc28fcf0d6a55976288464a16fdfc2ad41bac938e0ab922bf2
1GGYWZ1PXC3raWg2z3kFpWYXhwK7XrRhnm,1GGYWZ1PXC3raWg2z3kFpWYXhwK7XrRhnm,815989280.00,71eace05fedbe8fc28fcf0d6a55976288464a16fdfc2ad41bac938e0ab922bf2
1KE9WDtW6wTwbvfSNSCe51LdJCfSfn3uPt,18c4eTDhsbqeQv7aoGksHPAFLshutn1Hpo,44842285.00,3b898def132ad63a82da62f4c438af2b919f5ef43353ee76d13e1b9bd2ef3f94
15GqNQygakU9bKCyZVwqgA5XUFsHU5yYvE,1GfdyM6LeVwC4yBNUEEVkLPie4Gk2JbihY,4054741.00,d720227848583aae48b3fc35b12fec12fa814420e19217d8d419b77d5fd52204
15GqNQygakU9bKCyZVwqgA5XUFsHU5yYvE,1DnoLNggWonWbPbNKJfnxqFeYF2tegHBFm,4417073.00,d720227848583aae48b3fc35b12fec12fa814420e19217d8d419b77d5fd52204
13bQGkefP5vV8HERutV47VsW51e2sSmpF5,15NpXhNjhiXJvdmZAVhKKD2hNvaPU5oeEt,17967739436.00,96e5776e3adc52ebc1c9f85f840d8242590e020ec1efacabae86f7bb0ab3358e
13bQGkefP5vV8HERutV47VsW51e2sSmpF5,18Su5vZxZrokEecigU2NuvfRq3ZyJjFzHp,19561177.00,96e5776e3adc52ebc1c9f85f840d8242590e020ec1efacabae86f7bb0ab3358e
1GGYWZ1PXC3raWg2z3kFpWYXhwK7XrRhnm,1GczVcCfnkFmBhQhxzgrEaiXerheo9BoeU,73329000.00,20ab2679d05f76c1eb0e7ed76ef1256358cb1f6e1026e6929820669c99983127
1GGYWZ1PXC3raWg2z3kFpWYXhwK7XrRhnm,1GGYWZ1PXC3raWg2z3kFpWYXhwK7XrRhnm,1118082280.00,20ab2679d05f76c1eb0e7ed76ef1256358cb1f6e1026e6929820669c99983127
1GoasoSLdW7Wh7tpPDZnVkbzTVvb1V964x,15AEap1u9XLajiSGm5d1V2JDuZoUSpxNtR,3716400.00,59ac72b55bc9018eb2ab7958b4d90938854c1cc24943c2b69239efebb3009166
12iFWCbKboBzisHh5xvaYhFPjoDhB1hK7a,1Bijv2AhyqsfYAyYurdRsZ6NpzyZuwFpB3,47520.00,1075f615060bd2c9d51bb63323b070b00795f7e7e88fa0c82f51a95cacee87d3
15gPkHVEetW3cPwG3KtCJTRrgHqNsHwNvU,16eGk311CZ2fpk1zpRXvxgd2uJM3MGb3GW,3002148.51,34949b7ff60d15d90d60fa5105652c8332b681ec68876c48c979bbefe70d968c
12iFWCbKboBzisHh5xvaYhFPjoDhB1hK7a,12iFWCbKboBzisHh5xvaYhFPjoDhB1hK7a,13731761.00,1075f615060bd2c9d51bb63323b070b00795f7e7e88fa0c82f51a95cacee87d3
15gPkHVEetW3cPwG3KtCJTRrgHqNsHwNvU,15gPkHVEetW3cPwG3KtCJTRrgHqNsHwNvU,1282246.22,34949b7ff60d15d90d60fa5105652c8332b681ec68876c48c979bbefe70d968c
1GGYWZ1PXC3raWg2z3kFpWYXhwK7XrRhnm,15576is5bAKJk3mpCppZr2aLd8HXxRa8wc,7295000.00,24c8258ec95abeb838be07dda8e92a094ccc74fa5b5c21e0a54006609fc8813d
12iFWCbKboBzisHh5xvaYhFPjoDhB1hK7a,1NWv5xwsMPCGNy2GocunBxQ2WrqLZqhvwf,18560.00,685359be1e61f20ae99e197ecb80750ee0ddc7d1657228e7b29af88dff3984ca
1GGYWZ1PXC3raWg2z3kFpWYXhwK7XrRhnm,1GGYWZ1PXC3raWg2z3kFpWYXhwK7XrRhnm,617136280.00,24c8258ec95abeb838be07dda8e92a094ccc74fa5b5c21e0a54006609fc8813d
12iFWCbKboBzisHh5xvaYhFPjoDhB1hK7a,12iFWCbKboBzisHh5xvaYhFPjoDhB1hK7a,13644001.00,685359be1e61f20ae99e197ecb80750ee0ddc7d1657228e7b29af88dff3984ca
12mN4CaMAh9ZiB2mD14f31etHDxCT3U1p4,156o2vPjTMd9xPGjUeEoPqERNLgi6rqFds,17644095070.00,cddee7fc5a18e0b7fef3abd69c9a6db454a6c424eb5695e48bebb88f3cfcc39f
12mN4CaMAh9ZiB2mD14f31etHDxCT3U1p4,1DPD2zAbMARb8XREiuaCHdW8VB3Chso3w6,19180000.00,cddee7fc5a18e0b7fef3abd69c9a6db454a6c424eb5695e48bebb88f3cfcc39f
1GGYWZ1PXC3raWg2z3kFpWYXhwK7XrRhnm,1GGYWZ1PXC3raWg2z3kFpWYXhwK7XrRhnm,37571610.00,d02694ba006ac06f6dc16c66ebbcb622086203faa96ec6ac8e2a8a1503e1f3f1
1GGYWZ1PXC3raWg2z3kFpWYXhwK7XrRhnm,1QLN34wJG7pdgoqrLPoxWfMiqpLME5euVh,70366000.00,d02694ba006ac06f6dc16c66ebbcb622086203faa96ec6ac8e2a8a1503e1f3f1
1Pr5vB19rJ6ArXSqntQniQpegrAwyBJeni,1Pr5vB19rJ6ArXSqntQniQpegrAwyBJeni,1022658.00,0679562544cad810969b496f83f912bb29756a36ba97c815ba69a899c3b76842
1JXLHSJ6rAs7B7zRaNJXAU7zTcp89vXDWb,125CgkTSVU57hZgr8csUdnc4yHMZSBddKK,44886445425.00,d699dd58b2ab46d5aa634fb8d1068b5c353b0ff8a7b640416c25298adaaf6bf2
1Pr5vB19rJ6ArXSqntQniQpegrAwyBJeni,192CYGzzb2zSkGCVVHu6Ys3T7vqn9iaR4X,1211600.00,0679562544cad810969b496f83f912bb29756a36ba97c815ba69a899c3b76842
1JXLHSJ6rAs7B7zRaNJXAU7zTcp89vXDWb,1FZNeELggKQ712VJ2F4jHW7GS4Ct7MDBuk,14000000.00,d699dd58b2ab46d5aa634fb8d1068b5c353b0ff8a7b640416c25298adaaf6bf2
1JXLHSJ6rAs7B7zRaNJXAU7zTcp89vXDWb,1FzygLR8xV7HZpcTbwvsdqfksXbTxZU3iL,110278001.00,d699dd58b2ab46d5aa634fb8d1068b5c353b0ff8a7b640416c25298adaaf6bf2
1GKGFnPgpx8ydZLB1anLGC756Kpr76FbaW,1Ly3VDDBrKFmTFJdDzSnaNLKrp5VgNzLue,17925074821.00,c6fe7abdf0b5fd49e6d54454a8eb6a2fd31d3eb5d9005c361201644ddfe8cfca
1GKGFnPgpx8ydZLB1anLGC756Kpr76FbaW,14zvhJjURzRVxoMhhBYdWC6x5zsMXwX2hL,14043000.00,c6fe7abdf0b5fd49e6d54454a8eb6a2fd31d3eb5d9005c361201644ddfe8cfca
1NsSEEhUurPQiNKUVtFcv3kEMipQefYtG,1LkTGam1ubcVRYMnmxeUNr6Mx5bgPpGx1N,989000.00,6abd2726a7496d37ee0731c419f00ed1a09b5c6816d588f8c1013b40ae9352cf
1NsSEEhUurPQiNKUVtFcv3kEMipQefYtG,1NsSEEhUurPQiNKUVtFcv3kEMipQefYtG,21426387.00,6abd2726a7496d37ee0731c419f00ed1a09b5c6816d588f8c1013b40ae9352cf
15aRiEhcq1pnLE3XDz9nozrXsnRaophAk5,1F2bwJ91oDEXdRTjzCfsb6LsqjvSW5n45p,69157261.00,718cd7a472c28d40f6a6e22155b5ada840ca312d184d8aa79f28f458f82377fc
12iFWCbKboBzisHh5xvaYhFPjoDhB1hK7a,13FNcV9ZRoxPhidRjYiifHDSYoXcsmm8Sn,144000.00,c8e480726f79616637e8d627c490e99907ce633b6bc1a44b93778d6281e27e11
12iFWCbKboBzisHh5xvaYhFPjoDhB1hK7a,12iFWCbKboBzisHh5xvaYhFPjoDhB1hK7a,15477367.00,c8e480726f79616637e8d627c490e99907ce633b6bc1a44b93778d6281e27e11
12iFWCbKboBzisHh5xvaYhFPjoDhB1hK7a,1H6GiBu2J93nvEfj2fcCY7iSnsY4Ndn7iw,21440.00,dd34cf1d21efa66891ce1f4e659f538f6182298b4fbf8b4228ed4ae9adab15f0
12iFWCbKboBzisHh5xvaYhFPjoDhB1hK7a,12iFWCbKboBzisHh5xvaYhFPjoDhB1hK7a,21261586.00,dd34cf1d21efa66891ce1f4e659f538f6182298b4fbf8b4228ed4ae9adab15f0
15aRiEhcq1pnLE3XDz9nozrXsnRaophAk5,1DXS2axv5Rru854T89mCaarp8ETzxyZPd2,1221876.00,718cd7a472c28d40f6a6e22155b5ada840ca312d184d8aa79f28f458f82377fc
1HzUEhSyiJa8qVQevA7iu1C1JxSvv1jpku,1yBX3iuy2oeVhwuHiuBxVVrXw5EFSEMig,29950000.00,be02f0ac2af1d780c81520c45ed1bed9e9ace7e1e89becfc3ff1f3213e187707
17bFKhQPNL8JaMUqqi4N3z1w11dyPgHh3T,15AEap1u9XLajiSGm5d1V2JDuZoUSpxNtR,4443400.00,f5d599abfb8bb07dbe0c60faf141f5feaaf796995af522d0733c1736257fca4d
1Po8S7mYButPFTQ9JUdmN6tFxgjwmaAZAK,1DTACn9uUY1KP7aKbVHv6qbvXFdhLiKVvf,77299751.00,606fe7ca998826c355e889efc2a540b9ade61f32d4bd4532168a04743216048f
1Po8S7mYButPFTQ9JUdmN6tFxgjwmaAZAK,1FMyYJA71u4yf7Qyr6fcSf3v1pekBz2zcg,3608900.00,606fe7ca998826c355e889efc2a540b9ade61f32d4bd4532168a04743216048f
175bx5wkSDBVAvKJbdKW4DSs1CmswRCyZX,15AEap1u9XLajiSGm5d1V2JDuZoUSpxNtR,1535500.00,ba541727d5f36d167bda640f58838219ec944d7f5d447514f00e62ca358e5091
1GGYWZ1PXC3raWg2z3kFpWYXhwK7XrRhnm,1KoKYCvXsg5xYfAepy7hWGztqTL5CeK7WK,1481000.00,740a921f61ad2e3f5a533e7e6bf12cb7a662fcce09a403a8ca3eb477274ba892
12iFWCbKboBzisHh5xvaYhFPjoDhB1hK7a,18LxA7HQ6VphviktEv3V1XMUmxvbCLerU8,125080.00,d02aea71cf6ffd1c5649c8c9a22aefcc56e6d0951d87d12111b8dccb249e0a93
1GGYWZ1PXC3raWg2z3kFpWYXhwK7XrRhnm,1GGYWZ1PXC3raWg2z3kFpWYXhwK7XrRhnm,186488700.00,740a921f61ad2e3f5a533e7e6bf12cb7a662fcce09a403a8ca3eb477274ba892
12iFWCbKboBzisHh5xvaYhFPjoDhB1hK7a,12iFWCbKboBzisHh5xvaYhFPjoDhB1hK7a,20981990.00,d02aea71cf6ffd1c5649c8c9a22aefcc56e6d0951d87d12111b8dccb249e0a93
12p4wDtaWMc9D3KQzTVtCTTgBu236F2vmz,12ZLAKBSfEGUM5fw1VgFZPuGaDerLVg9X5,450000.00,21ada477e8c30b6e8db6396c34d24df357bc0b7f38ce72d1f13e76c3c35416bc
12p4wDtaWMc9D3KQzTVtCTTgBu236F2vmz,12p4wDtaWMc9D3KQzTVtCTTgBu236F2vmz,2383660.00,21ada477e8c30b6e8db6396c34d24df357bc0b7f38ce72d1f13e76c3c35416bc
1LaWbK4FDmzGyhinLeWvCgyExdqX4fdHmQ,1yBX3iuy2oeVhwuHiuBxVVrXw5EFSEMig,9950000.00,52fee35c59f4e6163a19323cf0de6df7dd33d00c1c0b55ca72aceb650a21e53a
1FoxBitjXcBeZUS4eDzPZ7b124q3N7QJK7,1BBZs5j4WfXyj8ACjtZiaysFFuxhBQGq2A,3287000.00,d70f6a84be105252e61d5c5f41741979f16d2ae6c087d6d148c30cc40f84f607
1FoxBitjXcBeZUS4eDzPZ7b124q3N7QJK7,1FoxBitjXcBeZUS4eDzPZ7b124q3N7QJK7,10930291626.00,d70f6a84be105252e61d5c5f41741979f16d2ae6c087d6d148c30cc40f84f607
16M8W57ZYDAhuNjyrbgjtaEha3roryPxri,15AEap1u9XLajiSGm5d1V2JDuZoUSpxNtR,2993200.00,52cfa4046c2281cb0d9fcd37b0ee4f8aef95113eebbbd4d78291f8d456f283ee
1F2bwJ91oDEXdRTjzCfsb6LsqjvSW5n45p,1NAvvCtHKUxA8eZ3CyrX1PPH3NNFDKTjrK,4072955.00,9d88b583f85e5783c63eae49b1dca657aac28e2bb5c74e6cb9f08f73372517ca
1F2bwJ91oDEXdRTjzCfsb6LsqjvSW5n45p,1EVhZb2YnpAYy6U7LXNprvSsy6ozWu9tkc,65034306.00,9d88b583f85e5783c63eae49b1dca657aac28e2bb5c74e6cb9f08f73372517ca
12iFWCbKboBzisHh5xvaYhFPjoDhB1hK7a,1Ktn3xHUadC86ikfJV2CtrTv3a2NbFtXoc,77777.00,f398a6cad646b05527b9ab36a379bc085c1de05d93795597572f16c6517448bb
12iFWCbKboBzisHh5xvaYhFPjoDhB1hK7a,12iFWCbKboBzisHh5xvaYhFPjoDhB1hK7a,15019314.00,f398a6cad646b05527b9ab36a379bc085c1de05d93795597572f16c6517448bb
1LVQc2skBmmqLtk4xDyLqd5JxW74Svi2Sm,1yBX3iuy2oeVhwuHiuBxVVrXw5EFSEMig,89950000.00,ac9dfa139b13bae7faa10d684465c42f9dfceeebeb0a458d47d5eda7736f0fbe
17BZtN1Pdwzcs18g1aRuwvUTTT41jxPkWj,1HjDCZw4J8qpd58kRZN1GdcFGMKxFoQDS6,7882156.00,af8c7976465265c8788397fc7ec27fb6a0c502fd37f65ac543c71bffb1040c48
1GGYWZ1PXC3raWg2z3kFpWYXhwK7XrRhnm,1APtsujymrwzodLvP3JVMajFK71DYpmJdb,11111000.00,c40a3009057534249c6269681f5aea6164753a393a63ecce9648c1fc3f7a4033
1GGYWZ1PXC3raWg2z3kFpWYXhwK7XrRhnm,1GGYWZ1PXC3raWg2z3kFpWYXhwK7XrRhnm,804778280.00,c40a3009057534249c6269681f5aea6164753a393a63ecce9648c1fc3f7a4033
1FsHTVYmVRuq5dGUaiPyeHUWfvX1nzGosN,13vXsYEcRm6qvBxTSAfn9H6t1T5hWmPXH5,13650.00,3c25a0df00c6368ec1c1f1310eee9f10ac24f7fa34f1ea63dc045e1db87653c5
17BZtN1Pdwzcs18g1aRuwvUTTT41jxPkWj,17BZtN1Pdwzcs18g1aRuwvUTTT41jxPkWj,330985464.00,af8c7976465265c8788397fc7ec27fb6a0c502fd37f65ac543c71bffb1040c48
1HMKHYZK8ntoSwg5LwbinUAT5RXgBqguAN,155XFCaxg92ZoRRSyjf9Mm4zCLri7MRLsy,6440.05,a2e2a505118b50f02a9b6ce71a139d7f8dc08b68389702e721e0fe852bb82487
1HMKHYZK8ntoSwg5LwbinUAT5RXgBqguAN,1NyQ5PCDizXCksf1iqQ95fMjCrHcgMA95W,6440.05,a2e2a505118b50f02a9b6ce71a139d7f8dc08b68389702e721e0fe852bb82487
1HMKHYZK8ntoSwg5LwbinUAT5RXgBqguAN,1M8Yb6uV6Ty5q1jz8HBLBsV3eBJTycvMGe,6440.05,a2e2a505118b50f02a9b6ce71a139d7f8dc08b68389702e721e0fe852bb82487
1HMKHYZK8ntoSwg5LwbinUAT5RXgBqguAN,1Mde8ZfdunKtYkJixxpqX4NK789HcKV4dz,64205.10,a2e2a505118b50f02a9b6ce71a139d7f8dc08b68389702e721e0fe852bb82487
1HMKHYZK8ntoSwg5LwbinUAT5RXgBqguAN,1KKNCeiGJWCzpH9xnNV2dhYWfM55soCdYF,6440.05,a2e2a505118b50f02a9b6ce71a139d7f8dc08b68389702e721e0fe852bb82487
1HMKHYZK8ntoSwg5LwbinUAT5RXgBqguAN,16D7JENZno1SfuseSK2Bjpvm9P1NhRZrwy,7220.63,a2e2a505118b50f02a9b6ce71a139d7f8dc08b68389702e721e0fe852bb82487
1HMKHYZK8ntoSwg5LwbinUAT5RXgBqguAN,16hHuwdtaTEVJUL9P9qQXkdff626fMEog7,275411.26,a2e2a505118b50f02a9b6ce71a139d7f8dc08b68389702e721e0fe852bb82487
1HMKHYZK8ntoSwg5LwbinUAT5RXgBqguAN,1MLQ7HYKruKqxbnXPvDB7TowLYdKinkXgR,32590.53,a2e2a505118b50f02a9b6ce71a139d7f8dc08b68389702e721e0fe852bb82487
1HMKHYZK8ntoSwg5LwbinUAT5RXgBqguAN,144mYDXatkcEq6JFtqC5DBedTCATT9WJaP,454900.01,a2e2a505118b50f02a9b6ce71a139d7f8dc08b68389702e721e0fe852bb82487
1HMKHYZK8ntoSwg5LwbinUAT5RXgBqguAN,1FDE9xu5svJrxvjtkGmzpLtJLx37cLj5Wz,90941.02,a2e2a505118b50f02a9b6ce71a139d7f8dc08b68389702e721e0fe852bb82487
1HMKHYZK8ntoSwg5LwbinUAT5RXgBqguAN,1AKXHKjJa25W7QqowpoC2KzwFF4K9wai6R,6440.05,a2e2a505118b50f02a9b6ce71a139d7f8dc08b68389702e721e0fe852bb82487
17Hsyd4SDEDXQRWT5SKRDF9fA7v4ZP1Lbr,155XFCaxg92ZoRRSyjf9Mm4zCLri7MRLsy,6520.39,a2e2a505118b50f02a9b6ce71a139d7f8dc08b68389702e721e0fe852bb82487
17Hsyd4SDEDXQRWT5SKRDF9fA7v4ZP1Lbr,1NyQ5PCDizXCksf1iqQ95fMjCrHcgMA95W,6520.39,a2e2a505118b50f02a9b6ce71a139d7f8dc08b68389702e721e0fe852bb82487
17Hsyd4SDEDXQRWT5SKRDF9fA7v4ZP1Lbr,1M8Yb6uV6Ty5q1jz8HBLBsV3eBJTycvMGe,6520.39,a2e2a505118b50f02a9b6ce71a139d7f8dc08b68389702e721e0fe852bb82487
17Hsyd4SDEDXQRWT5SKRDF9fA7v4ZP1Lbr,1Mde8ZfdunKtYkJixxpqX4NK789HcKV4dz,65006.11,a2e2a505118b50f02a9b6ce71a139d7f8dc08b68389702e721e0fe852bb82487
17Hsyd4SDEDXQRWT5SKRDF9fA7v4ZP1Lbr,1KKNCeiGJWCzpH9xnNV2dhYWfM55soCdYF,6520.39,a2e2a505118b50f02a9b6ce71a139d7f8dc08b68389702e721e0fe852bb82487
17Hsyd4SDEDXQRWT5SKRDF9fA7v4ZP1Lbr,16D7JENZno1SfuseSK2Bjpvm9P1NhRZrwy,7310.71,a2e2a505118b50f02a9b6ce71a139d7f8dc08b68389702e721e0fe852bb82487
17Hsyd4SDEDXQRWT5SKRDF9fA7v4ZP1Lbr,16hHuwdtaTEVJUL9P9qQXkdff626fMEog7,278847.25,a2e2a505118b50f02a9b6ce71a139d7f8dc08b68389702e721e0fe852bb82487
17Hsyd4SDEDXQRWT5SKRDF9fA7v4ZP1Lbr,1MLQ7HYKruKqxbnXPvDB7TowLYdKinkXgR,32997.13,a2e2a505118b50f02a9b6ce71a139d7f8dc08b68389702e721e0fe852bb82487
17Hsyd4SDEDXQRWT5SKRDF9fA7v4ZP1Lbr,144mYDXatkcEq6JFtqC5DBedTCATT9WJaP,460575.28,a2e2a505118b50f02a9b6ce71a139d7f8dc08b68389702e721e0fe852bb82487
17Hsyd4SDEDXQRWT5SKRDF9fA7v4ZP1Lbr,1FDE9xu5svJrxvjtkGmzpLtJLx37cLj5Wz,92075.59,a2e2a505118b50f02a9b6ce71a139d7f8dc08b68389702e721e0fe852bb82487
17Hsyd4SDEDXQRWT5SKRDF9fA7v4ZP1Lbr,1AKXHKjJa25W7QqowpoC2KzwFF4K9wai6R,6520.39,a2e2a505118b50f02a9b6ce71a139d7f8dc08b68389702e721e0fe852bb82487
1BFpvPDsJVqkmBoV7YoxtwzrAwTLumu3eQ,155XFCaxg92ZoRRSyjf9Mm4zCLri7MRLsy,6942.83,a2e2a505118b50f02a9b6ce71a139d7f8dc08b68389702e721e0fe852bb82487
1BFpvPDsJVqkmBoV7YoxtwzrAwTLumu3eQ,1NyQ5PCDizXCksf1iqQ95fMjCrHcgMA95W,6942.83,a2e2a505118b50f02a9b6ce71a139d7f8dc08b68389702e721e0fe852bb82487
1BFpvPDsJVqkmBoV7YoxtwzrAwTLumu3eQ,1M8Yb6uV6Ty5q1jz8HBLBsV3eBJTycvMGe,6942.83,a2e2a505118b50f02a9b6ce71a139d7f8dc08b68389702e721e0fe852bb82487
1BFpvPDsJVqkmBoV7YoxtwzrAwTLumu3eQ,1Mde8ZfdunKtYkJixxpqX4NK789HcKV4dz,69217.66,a2e2a505118b50f02a9b6ce71a139d7f8dc08b68389702e721e0fe852bb82487
1BFpvPDsJVqkmBoV7YoxtwzrAwTLumu3eQ,1KKNCeiGJWCzpH9xnNV2dhYWfM55soCdYF,6942.83,a2e2a505118b50f02a9b6ce71a139d7f8dc08b68389702e721e0fe852bb82487
1BFpvPDsJVqkmBoV7YoxtwzrAwTLumu3eQ,16D7JENZno1SfuseSK2Bjpvm9P1NhRZrwy,7784.35,a2e2a505118b50f02a9b6ce71a139d7f8dc08b68389702e721e0fe852bb82487
1BFpvPDsJVqkmBoV7YoxtwzrAwTLumu3eQ,16hHuwdtaTEVJUL9P9qQXkdff626fMEog7,296912.92,a2e2a505118b50f02a9b6ce71a139d7f8dc08b68389702e721e0fe852bb82487
1BFpvPDsJVqkmBoV7YoxtwzrAwTLumu3eQ,1MLQ7HYKruKqxbnXPvDB7TowLYdKinkXgR,35134.91,a2e2a505118b50f02a9b6ce71a139d7f8dc08b68389702e721e0fe852bb82487
1BFpvPDsJVqkmBoV7YoxtwzrAwTLumu3eQ,144mYDXatkcEq6JFtqC5DBedTCATT9WJaP,490414.55,a2e2a505118b50f02a9b6ce71a139d7f8dc08b68389702e721e0fe852bb82487
1BFpvPDsJVqkmBoV7YoxtwzrAwTLumu3eQ,1FDE9xu5svJrxvjtkGmzpLtJLx37cLj5Wz,98040.89,a2e2a505118b50f02a9b6ce71a139d7f8dc08b68389702e721e0fe852bb82487
1BFpvPDsJVqkmBoV7YoxtwzrAwTLumu3eQ,1AKXHKjJa25W7QqowpoC2KzwFF4K9wai6R,6942.83,a2e2a505118b50f02a9b6ce71a139d7f8dc08b68389702e721e0fe852bb82487
16tzKYjVCHMTByk5oWdVj3kcszYxywgtL7,155XFCaxg92ZoRRSyjf9Mm4zCLri7MRLsy,6959.73,a2e2a505118b50f02a9b6ce71a139d7f8dc08b68389702e721e0fe852bb82487
16tzKYjVCHMTByk5oWdVj3kcszYxywgtL7,1NyQ5PCDizXCksf1iqQ95fMjCrHcgMA95W,6959.73,a2e2a505118b50f02a9b6ce71a139d7f8dc08b68389702e721e0fe852bb82487
16tzKYjVCHMTByk5oWdVj3kcszYxywgtL7,1M8Yb6uV6Ty5q1jz8HBLBsV3eBJTycvMGe,6959.73,a2e2a505118b50f02a9b6ce71a139d7f8dc08b68389702e721e0fe852bb82487
16tzKYjVCHMTByk5oWdVj3kcszYxywgtL7,1Mde8ZfdunKtYkJixxpqX4NK789HcKV4dz,69386.13,a2e2a505118b50f02a9b6ce71a139d7f8dc08b68389702e721e0fe852bb82487
16tzKYjVCHMTByk5oWdVj3kcszYxywgtL7,1KKNCeiGJWCzpH9xnNV2dhYWfM55soCdYF,6959.73,a2e2a505118b50f02a9b6ce71a139d7f8dc08b68389702e721e0fe852bb82487
16tzKYjVCHMTByk5oWdVj3kcszYxywgtL7,16D7JENZno1SfuseSK2Bjpvm9P1NhRZrwy,7803.30,a2e2a505118b50f02a9b6ce71a139d7f8dc08b68389702e721e0fe852bb82487
16tzKYjVCHMTByk5oWdVj3kcszYxywgtL7,16hHuwdtaTEVJUL9P9qQXkdff626fMEog7,297635.57,a2e2a505118b50f02a9b6ce71a139d7f8dc08b68389702e721e0fe852bb82487
16tzKYjVCHMTByk5oWdVj3kcszYxywgtL7,1MLQ7HYKruKqxbnXPvDB7TowLYdKinkXgR,35220.43,a2e2a505118b50f02a9b6ce71a139d7f8dc08b68389702e721e0fe852bb82487
16tzKYjVCHMTByk5oWdVj3kcszYxywgtL7,144mYDXatkcEq6JFtqC5DBedTCATT9WJaP,491608.16,a2e2a505118b50f02a9b6ce71a139d7f8dc08b68389702e721e0fe852bb82487
16tzKYjVCHMTByk5oWdVj3kcszYxywgtL7,1FDE9xu5svJrxvjtkGmzpLtJLx37cLj5Wz,98279.50,a2e2a505118b50f02a9b6ce71a139d7f8dc08b68389702e721e0fe852bb82487
16tzKYjVCHMTByk5oWdVj3kcszYxywgtL7,1AKXHKjJa25W7QqowpoC2KzwFF4K9wai6R,6959.73,a2e2a505118b50f02a9b6ce71a139d7f8dc08b68389702e721e0fe852bb82487
1GGYWZ1PXC3raWg2z3kFpWYXhwK7XrRhnm,1GHEDZGJ3fbZsKDYPBeqNJmwjQMM8VUQDP,5555000.00,5bb8809000e7b52c19224b85b4d15cc00496456f476c198300445d94b6c02b05
1GGYWZ1PXC3raWg2z3kFpWYXhwK7XrRhnm,1GGYWZ1PXC3raWg2z3kFpWYXhwK7XrRhnm,136191700.00,5bb8809000e7b52c19224b85b4d15cc00496456f476c198300445d94b6c02b05
177FxQ1mLSQqN92GYTdf2M1Eq2owvXGbrm,1QHzYwRuEBt8xnUnMh6tfcXzKnqZAFwMe8,390000.00,e4758a8b69a928f66f507f5aba4c4721a6a771ae887de0f84aa7ad8110e5443c
177FxQ1mLSQqN92GYTdf2M1Eq2owvXGbrm,177FxQ1mLSQqN92GYTdf2M1Eq2owvXGbrm,20340.00,e4758a8b69a928f66f507f5aba4c4721a6a771ae887de0f84aa7ad8110e5443c
13eo7SsFyvVmtbyUMXC1MrjaTM56iFAfXj,19YrkVXEsbEanC16xi5ZAeJZ9KQPe7CuQK,18576000.00,93f1d7dbb68d044b953a5b9241695ee46963cd74974e69bdad4ca5eea0acc3ee
13eo7SsFyvVmtbyUMXC1MrjaTM56iFAfXj,13eo7SsFyvVmtbyUMXC1MrjaTM56iFAfXj,126677084.00,93f1d7dbb68d044b953a5b9241695ee46963cd74974e69bdad4ca5eea0acc3ee
18jvFaif7mpP4r4gNAVgNxxVk34JN1yWoj,1LeJU8vomfBtGdBTUgg6J7LMLmFandqAVL,1106722.00,50b4999289e9d2f96a0524ab486a6878b52e74a13cd7fa6a3aa1564bf0e2a92a
18jvFaif7mpP4r4gNAVgNxxVk34JN1yWoj,18jvFaif7mpP4r4gNAVgNxxVk34JN1yWoj,36117898.00,50b4999289e9d2f96a0524ab486a6878b52e74a13cd7fa6a3aa1564bf0e2a92a
18jvFaif7mpP4r4gNAVgNxxVk34JN1yWoj,1GZdig2eUZGhQMis8pPnMeVEX2iLvd4Pcv,405966.00,ca181cf41c0d975db46c7770dab5bb0f8768aa8b19d2118e86ef174582502bba
18jvFaif7mpP4r4gNAVgNxxVk34JN1yWoj,18jvFaif7mpP4r4gNAVgNxxVk34JN1yWoj,150190008.00,ca181cf41c0d975db46c7770dab5bb0f8768aa8b19d2118e86ef174582502bba
18Ruc1R3oGte2NXjDrSbhiJ9TY14iJLtvf,1hEPTb69Qh95qM5ojkyUiAQit1oncwRs5,20194000.00,2a28ff059fa6054889b66646818d333b6bc13f3a4f795884e9e328a52e79b5dd
18Ruc1R3oGte2NXjDrSbhiJ9TY14iJLtvf,18Ruc1R3oGte2NXjDrSbhiJ9TY14iJLtvf,1018319.00,2a28ff059fa6054889b66646818d333b6bc13f3a4f795884e9e328a52e79b5dd
1M8zGVDCq5QW6m6Ad5RtXPBjNMvrjbxv8x,1yBX3iuy2oeVhwuHiuBxVVrXw5EFSEMig,9950000.00,5076d5a0e1dc122c33393eeda55655fa7e15971aa450fe52a2eaf9c9906f3f9c
1GGYWZ1PXC3raWg2z3kFpWYXhwK7XrRhnm,1PkpVTNRUUM5SYK6eHwYcyAViHbJSAPmtm,59255000.00,6a4642ab047a72115b75677f262a853fa1b1f673d02d137841ffcfd56637c656
1GGYWZ1PXC3raWg2z3kFpWYXhwK7XrRhnm,1GGYWZ1PXC3raWg2z3kFpWYXhwK7XrRhnm,76836700.00,6a4642ab047a72115b75677f262a853fa1b1f673d02d137841ffcfd56637c656
1BdCnUUJYuQT11NHUksxKc9QEasb6WY7uX,1NSr4PQ6rk2mBxVbKkgCyCky3Lofqs7fXp,26914.00,6f64a741c02d639203e917e4e12bb8d3ed3487b9a3ea4066383e5e6820fadd52
1BdCnUUJYuQT11NHUksxKc9QEasb6WY7uX,1E7TfvfjR4ggt2npJeUYSiSALmjHVDtETL,54644.00,6f64a741c02d639203e917e4e12bb8d3ed3487b9a3ea4066383e5e6820fadd52
1BdCnUUJYuQT11NHUksxKc9QEasb6WY7uX,1PMSNbVfcdUcavGQLCiJfAqVDQbMyqxJzq,35070.00,6f64a741c02d639203e917e4e12bb8d3ed3487b9a3ea4066383e5e6820fadd52
1BdCnUUJYuQT11NHUksxKc9QEasb6WY7uX,1F9biRpnm26Jf7Roe5UFjcVzbTwPo2jzEN,75850.00,6f64a741c02d639203e917e4e12bb8d3ed3487b9a3ea4066383e5e6820fadd52
1BdCnUUJYuQT11NHUksxKc9QEasb6WY7uX,1PeWfq42h3eosGSvhKdsuQtEBBdkD5pXN,54644.00,6f64a741c02d639203e917e4e12bb8d3ed3487b9a3ea4066383e5e6820fadd52
1BdCnUUJYuQT11NHUksxKc9QEasb6WY7uX,19vogz56nbDYGHLastKUbu3MTEnVpCCkgL,2616532.00,6f64a741c02d639203e917e4e12bb8d3ed3487b9a3ea4066383e5e6820fadd52
1BdCnUUJYuQT11NHUksxKc9QEasb6WY7uX,18xcihwZcSCUirPwMYfoPmGthWp5t3pHrm,1261714.00,6f64a741c02d639203e917e4e12bb8d3ed3487b9a3ea4066383e5e6820fadd52
1BdCnUUJYuQT11NHUksxKc9QEasb6WY7uX,1LckbS1sG11FGQpLSqnxKdZv4cCaCWcgrR,2033260.00,6f64a741c02d639203e917e4e12bb8d3ed3487b9a3ea4066383e5e6820fadd52
1FsHTVYmVRuq5dGUaiPyeHUWfvX1nzGosN,1FsHTVYmVRuq5dGUaiPyeHUWfvX1nzGosN,6810099.00,3c25a0df00c6368ec1c1f1310eee9f10ac24f7fa34f1ea63dc045e1db87653c5
15gPkHVEetW3cPwG3KtCJTRrgHqNsHwNvU,19mw99HCtsb3G4fEqpJS5H1unoYjDyUWSp,13500.00,cbe5002b9346093e24e430a66110555c80d6a75af2fd9dbc256b56f3a8757b27
15gPkHVEetW3cPwG3KtCJTRrgHqNsHwNvU,15gPkHVEetW3cPwG3KtCJTRrgHqNsHwNvU,1328360.00,cbe5002b9346093e24e430a66110555c80d6a75af2fd9dbc256b56f3a8757b27
12p4wDtaWMc9D3KQzTVtCTTgBu236F2vmz,1JuzTECbqVd7R1pWwGbiajRkaU4gWiPDfX,235800.00,7ae83c62c309935adc65d1224f2d2a9dac7ee79ac528abe25fbf79df97ab7274
12p4wDtaWMc9D3KQzTVtCTTgBu236F2vmz,12p4wDtaWMc9D3KQzTVtCTTgBu236F2vmz,2902860.00,7ae83c62c309935adc65d1224f2d2a9dac7ee79ac528abe25fbf79df97ab7274
12uPjL8vQCmH1BXLp2P56v8dCK37pA8vUi,1MW95GdSggAEhwpUoQ2aiBeFZFs5AJtsYB,205400.00,6c0f1d93eb2ca964b6f0b25aab252ac1764fb65794e18aba07d57b7a3e365bc6
12uPjL8vQCmH1BXLp2P56v8dCK37pA8vUi,1rRetUfmmP2uMoiwj3BHp6uDbn31JE6t6,24800000.00,6c0f1d93eb2ca964b6f0b25aab252ac1764fb65794e18aba07d57b7a3e365bc6
18jvFaif7mpP4r4gNAVgNxxVk34JN1yWoj,1NygjrRFXoENWjQgeZjv8RZXKkbh9icAc1,642323.00,0ab142efb91b0f3d05f2a92095118299c94e88d4002d28fc1bd9f411705b575e
18jvFaif7mpP4r4gNAVgNxxVk34JN1yWoj,18jvFaif7mpP4r4gNAVgNxxVk34JN1yWoj,149478485.00,0ab142efb91b0f3d05f2a92095118299c94e88d4002d28fc1bd9f411705b575e
1NsSEEhUurPQiNKUVtFcv3kEMipQefYtG,1CoYSRiD8uRzLfzLEpF2g8hKAeZaCR1f6j,67500.00,1ad71ddf72ffec2007483b2f74bfdfe93a08b99d5f9c53ec0e883d70534ac836
1NsSEEhUurPQiNKUVtFcv3kEMipQefYtG,1NsSEEhUurPQiNKUVtFcv3kEMipQefYtG,22484587.00,1ad71ddf72ffec2007483b2f74bfdfe93a08b99d5f9c53ec0e883d70534ac836
1GjgDW3N38xBtaQtgxFfekFRkPukmWLmp1,1ox2uFhXqbTwjVSk4dJN8Fhd63ShwFfZL,146267.00,d2fce21bd95ce7c65400cf9017a31b307d8b6514b1d897069ad07a9943b2fe4c
1GjgDW3N38xBtaQtgxFfekFRkPukmWLmp1,19kXLGNivodt9z8umR7x5TpZS29MULRiZC,91276.00,d2fce21bd95ce7c65400cf9017a31b307d8b6514b1d897069ad07a9943b2fe4c
1GjgDW3N38xBtaQtgxFfekFRkPukmWLmp1,1CjsmDH3ZAT3ZYCX3XJTqzMPurWg9FjmNu,61748.00,d2fce21bd95ce7c65400cf9017a31b307d8b6514b1d897069ad07a9943b2fe4c
1GjgDW3N38xBtaQtgxFfekFRkPukmWLmp1,19gs7vgVW4rtDw4y69NSknWV34VEGmFKnN,16152.00,d2fce21bd95ce7c65400cf9017a31b307d8b6514b1d897069ad07a9943b2fe4c
1GjgDW3N38xBtaQtgxFfekFRkPukmWLmp1,1GjgDW3N38xBtaQtgxFfekFRkPukmWLmp1,79020997.00,d2fce21bd95ce7c65400cf9017a31b307d8b6514b1d897069ad07a9943b2fe4c
12iFWCbKboBzisHh5xvaYhFPjoDhB1hK7a,16GRoi5FSpfcbQwhUizePLXTpd5C2Rzgqk,14322000.00,002bbca2c27eab7ba9ee900a77d87e09a7926fe18587f64acaea1826ae128d6e
12iFWCbKboBzisHh5xvaYhFPjoDhB1hK7a,12iFWCbKboBzisHh5xvaYhFPjoDhB1hK7a,21352226.00,002bbca2c27eab7ba9ee900a77d87e09a7926fe18587f64acaea1826ae128d6e
1FoxBitjXcBeZUS4eDzPZ7b124q3N7QJK7,14jNF1EiWujnh3Q8GQK9Jo1kxejkduQ2HD,6883518.00,ebfd908dbb4d180947c33cdace03770ff896654f9a67dbd48762fe0d1f2b6008
1FoxBitjXcBeZUS4eDzPZ7b124q3N7QJK7,1FoxBitjXcBeZUS4eDzPZ7b124q3N7QJK7,10919300710.00,ebfd908dbb4d180947c33cdace03770ff896654f9a67dbd48762fe0d1f2b6008
12iFWCbKboBzisHh5xvaYhFPjoDhB1hK7a,1DojJEDc1CRZnao2sangn5PcrnoWWEnBmK,432000.00,550774c2834bbe3b02d2d5c6e7d551c88d243565dfe237571136b0bad76ae293
12iFWCbKboBzisHh5xvaYhFPjoDhB1hK7a,12iFWCbKboBzisHh5xvaYhFPjoDhB1hK7a,20480790.00,550774c2834bbe3b02d2d5c6e7d551c88d243565dfe237571136b0bad76ae293
16ezxTUBhMsqGsdUYDfUhbeLgGgYvaB1rK,1PaawN35jrfBRYjXCAtiRy7Yz6mAn6fdWs,33738687.00,ae56d89a843bc6a784550928f8e8406250cd56f71c3929501a2e7d6b727edd85
16ezxTUBhMsqGsdUYDfUhbeLgGgYvaB1rK,18GjGz8jWJjLV38yYyuRoKpUKWrZ89h5M5,341221258.00,ae56d89a843bc6a784550928f8e8406250cd56f71c3929501a2e7d6b727edd85
192UfTzDs36ve3mNi3PQ1paEyGq8UiekMM,1QESfFpWik4QdBUsfQp7GVPH1MCsmJuvXM,23000000.00,b88f2337441b0062e1143d9354e439c487ad0916d4a37a39215dc0fa9f6846ab
192UfTzDs36ve3mNi3PQ1paEyGq8UiekMM,192UfTzDs36ve3mNi3PQ1paEyGq8UiekMM,251317440.00,b88f2337441b0062e1143d9354e439c487ad0916d4a37a39215dc0fa9f6846ab
1BXBMeKU9oypkb5pjWuzQYFaC612UKhKyQ,1JyUWJbdBthBsZzTsfXKBcvW3N6FeoqzLM,30704.00,59f73eda904cee68b32853a104a8e9511ba2737ef19039b0bf3b34597eee5de7
1BXBMeKU9oypkb5pjWuzQYFaC612UKhKyQ,1J3uyvck1ziXYfWLG4LFtcJZRSYKrSJsk3,13280900.00,59f73eda904cee68b32853a104a8e9511ba2737ef19039b0bf3b34597eee5de7
16fx3tuWUzk8zPM8m9KspJo9ahqMdTwbNU,16fx3tuWUzk8zPM8m9KspJo9ahqMdTwbNU,485833.00,77f826e5e417ca7c83115b77045f209cb191ff137065dc0d598e9615350ce45f
16fx3tuWUzk8zPM8m9KspJo9ahqMdTwbNU,1JDynqyLrPALNDaz2QnxEMxUSwXxeJP6Qc,1869808.00,77f826e5e417ca7c83115b77045f209cb191ff137065dc0d598e9615350ce45f
12p4wDtaWMc9D3KQzTVtCTTgBu236F2vmz,14XChUEFVPWzhv1JWWJyjCtaFVKTF3saEr,240000.00,9d50d19df0c89b70c2c2fe84b5c9a47a9d3877c1133c4272142b21bdfcbf19de
12p4wDtaWMc9D3KQzTVtCTTgBu236F2vmz,12p4wDtaWMc9D3KQzTVtCTTgBu236F2vmz,2074460.00,9d50d19df0c89b70c2c2fe84b5c9a47a9d3877c1133c4272142b21bdfcbf19de
12iFWCbKboBzisHh5xvaYhFPjoDhB1hK7a,1BoKmVbE9hdTLtPfPubd7TedF6g3nwzJrF,4721023.00,3d04b035836ace37c158935b2104e69ba8317a12034ee46a553dcbd5902a1643
12iFWCbKboBzisHh5xvaYhFPjoDhB1hK7a,12iFWCbKboBzisHh5xvaYhFPjoDhB1hK7a,15690567.00,3d04b035836ace37c158935b2104e69ba8317a12034ee46a553dcbd5902a1643
132cSGkBxjTPUvNHJ5Gxz9BpvGvXBMqTeS,122MzZbacGXANgQV4aDXWDQTpNrAGtYKSP,4318144.00,b50b78da73f5e6829e23a519b513280a861c4934ade5fa5c2ae72c5691dc5cd9
132cSGkBxjTPUvNHJ5Gxz9BpvGvXBMqTeS,1LTUQuT8agUdX2B3CedAABJAp2jCoyw4zR,8145843.00,b50b78da73f5e6829e23a519b513280a861c4934ade5fa5c2ae72c5691dc5cd9
12p4wDtaWMc9D3KQzTVtCTTgBu236F2vmz,12wzPvaFUgtPo2SqFRncx48Vzi41GVirUh,369000.00,04e49d80bfc68557e6ffd21984399806cfc9e92804564097b95236b8cc461630
12p4wDtaWMc9D3KQzTVtCTTgBu236F2vmz,12p4wDtaWMc9D3KQzTVtCTTgBu236F2vmz,4385060.00,04e49d80bfc68557e6ffd21984399806cfc9e92804564097b95236b8cc461630
1GGYWZ1PXC3raWg2z3kFpWYXhwK7XrRhnm,1EBDgAnyb1eb6xxYK6fCJGCa89e9Ct3qnU,79772000.00,133847088c0105bd8d3be84553decb200a80bda695f58f7663be5b84d669ec98
1GGYWZ1PXC3raWg2z3kFpWYXhwK7XrRhnm,1GGYWZ1PXC3raWg2z3kFpWYXhwK7XrRhnm,1191511280.00,133847088c0105bd8d3be84553decb200a80bda695f58f7663be5b84d669ec98
1GGYWZ1PXC3raWg2z3kFpWYXhwK7XrRhnm,1GGYWZ1PXC3raWg2z3kFpWYXhwK7XrRhnm,25810800.00,29ed3e672d211f51e5bc0ad66e7f526ac44e331d62ce3fda0515f7dc195f3bd2
1GGYWZ1PXC3raWg2z3kFpWYXhwK7XrRhnm,12szAoj61uSTqBTxA4wAbwuRLjXg6eaf6F,81476000.00,29ed3e672d211f51e5bc0ad66e7f526ac44e331d62ce3fda0515f7dc195f3bd2
1JHgP87gMNG37Z1xoJWab8ckc8EXavpDZJ,1NBJCgfPV64qTDrbCh7SNLZxK9DgVmjvgA,8062537.00,c83e64f2d46d3a9b5163d3fa420aeb0958026165fbb656d61b061a633e95ad9c
1GGYWZ1PXC3raWg2z3kFpWYXhwK7XrRhnm,1HVyrwUGPnhjXJt3KtamM26YcdR3CEDQWn,22221000.00,816f5a31e3d7bd365ac1fedbe971d0da0347e34a49fbc28d1c310522f986a46d
1GGYWZ1PXC3raWg2z3kFpWYXhwK7XrRhnm,1GGYWZ1PXC3raWg2z3kFpWYXhwK7XrRhnm,164167700.00,816f5a31e3d7bd365ac1fedbe971d0da0347e34a49fbc28d1c310522f986a46d
1FSMp7WXGoMavhDsR6XMjFFdT7KyMLPi7Q,1yBX3iuy2oeVhwuHiuBxVVrXw5EFSEMig,9950000.00,1db51ab04145cfacc56d208bfe0e2db2b1dfc95d2a71b0a92ccea49894d3d9a8
1KwRRP5wFt1MRT7fqn1HCwHrJJbdA5diNQ,1KwRRP5wFt1MRT7fqn1HCwHrJJbdA5diNQ,2940000.00,183eb57c3a5a840fd7f8a42632e6dac3d1869b18605add0b738189592025f3c0
1KwRRP5wFt1MRT7fqn1HCwHrJJbdA5diNQ,12X7CSPb6AsfSdDSu3NCeshPHBsd2mouoU,10000000.00,183eb57c3a5a840fd7f8a42632e6dac3d1869b18605add0b738189592025f3c0
1MMU3ssNvYKdYViNxV6tQZtvjVXqSgmUcs,1E7WKDbnp46tyjdcpCRATNsxTpxJizrKbk,692300.00,7b8161db50371f4089b0ea984717ac0dc28ea92b9df23a341c492c369275213a
1MMU3ssNvYKdYViNxV6tQZtvjVXqSgmUcs,15P9XW8faJy12PkEvrqsBB7Tie6f2DdFnD,77243125.00,7b8161db50371f4089b0ea984717ac0dc28ea92b9df23a341c492c369275213a
1MXYLeXL5x7Xh3zEhJuiqDMCmotEg73PyH,19AgvX2boAry19mn45Aev59BKNRtDNsXKw,5557100.00,815a005295be86891fac4a50149b23315f6dd9873a11863917cbf648f43f5a66
1MXYLeXL5x7Xh3zEhJuiqDMCmotEg73PyH,13BEDfH6eqsdGJsA9NTaq1YFwrkBEDNceg,41570031.00,815a005295be86891fac4a50149b23315f6dd9873a11863917cbf648f43f5a66
1L6a1N7mUkQvgGH4G6vkG2HoKgHzXRQ3QJ,1HhDoC2pca7vztrKFBxTMDDEJVtYWTWWHV,7964058.00,92238377a2215f89362ebc7887c2469894add16604161a9e7590c5d441912571
15yyhU7ib1MqV2NyJ2wDq6LhwDS6yrHvfG,1KuQeEYVxX5J93u2EdUGE9PhKrgHMBJg1j,7955000.00,42043bce3a263debcc486a7793eae3852b60dacca7ca2194c0f1334b3558b88f
1FoxBitjXcBeZUS4eDzPZ7b124q3N7QJK7,18FwbYAa1EwWjXuiVKAyds6JdX9s7CeQnB,164120.00,f549fb79c704628766d3648dd8000c780b18a3a7c2c8a10442a2263ad7ebe96e
1FoxBitjXcBeZUS4eDzPZ7b124q3N7QJK7,1FoxBitjXcBeZUS4eDzPZ7b124q3N7QJK7,10919082391.00,f549fb79c704628766d3648dd8000c780b18a3a7c2c8a10442a2263ad7ebe96e
16wFdFfRZTTA8ZuhVZdqHz2PBVKCb7Tej5,1NA6Sy2LEoB1qtWQtgvFXDqnBiEGGzcq8v,53763.00,31fab51c18b9a0fc42de1a4468dbf06913bf26719b61cd4c27cbe72bf0821cc4
16wFdFfRZTTA8ZuhVZdqHz2PBVKCb7Tej5,1Dg4oLuqYxxzopaWEh6qNJVGexsecjqYdk,26881.00,31fab51c18b9a0fc42de1a4468dbf06913bf26719b61cd4c27cbe72bf0821cc4
16wFdFfRZTTA8ZuhVZdqHz2PBVKCb7Tej5,1DagbcQofkJEShV3xQ8aMQg781jgR7Z9Ms,26881.00,31fab51c18b9a0fc42de1a4468dbf06913bf26719b61cd4c27cbe72bf0821cc4
16wFdFfRZTTA8ZuhVZdqHz2PBVKCb7Tej5,1LDVe5gz7oxcQ19kZNTYqE5wQyJDufZxxc,407292.00,31fab51c18b9a0fc42de1a4468dbf06913bf26719b61cd4c27cbe72bf0821cc4
16wFdFfRZTTA8ZuhVZdqHz2PBVKCb7Tej5,13TA3Resmd6EzXGtExLq3c9HkJzDQJSq27,271257.00,31fab51c18b9a0fc42de1a4468dbf06913bf26719b61cd4c27cbe72bf0821cc4
16wFdFfRZTTA8ZuhVZdqHz2PBVKCb7Tej5,1GuN243Zu8wALfhmFAkjEJbkvNoiW9hqHy,353530.00,31fab51c18b9a0fc42de1a4468dbf06913bf26719b61cd4c27cbe72bf0821cc4
16wFdFfRZTTA8ZuhVZdqHz2PBVKCb7Tej5,141BrH8GkSuxQqLzXYBMpCmB4BcBXqAwUH,271257.00,31fab51c18b9a0fc42de1a4468dbf06913bf26719b61cd4c27cbe72bf0821cc4
16wFdFfRZTTA8ZuhVZdqHz2PBVKCb7Tej5,1Aw6aSwhmQj9tnpxPF6sWkte36fYEf2d4b,40729.00,31fab51c18b9a0fc42de1a4468dbf06913bf26719b61cd4c27cbe72bf0821cc4
16wFdFfRZTTA8ZuhVZdqHz2PBVKCb7Tej5,15FUHyXd8qJUJmGwsC5EVhUk1WhvUPT9j2,267998.00,31fab51c18b9a0fc42de1a4468dbf06913bf26719b61cd4c27cbe72bf0821cc4
16wFdFfRZTTA8ZuhVZdqHz2PBVKCb7Tej5,1BdCnUUJYuQT11NHUksxKc9QEasb6WY7uX,7360392.00,31fab51c18b9a0fc42de1a4468dbf06913bf26719b61cd4c27cbe72bf0821cc4
16wFdFfRZTTA8ZuhVZdqHz2PBVKCb7Tej5,153jmVUoSr3hVD1gj7DBUNtJF1RFYCaCy6,26881.00,31fab51c18b9a0fc42de1a4468dbf06913bf26719b61cd4c27cbe72bf0821cc4
1E941j4aEDZePQTMgy772GBABPUXWbsqma,1KqYLrufSR3yiTgVhp9qDgxgGKuunvdjY8,829000.00,8b604c1a11e1b4babdfe5b750559b83a2e3c1affaa04edaf22dead834208f608
1E941j4aEDZePQTMgy772GBABPUXWbsqma,1E941j4aEDZePQTMgy772GBABPUXWbsqma,3933052400.00,8b604c1a11e1b4babdfe5b750559b83a2e3c1affaa04edaf22dead834208f608
1FsHTVYmVRuq5dGUaiPyeHUWfvX1nzGosN,17EQujSHRkcjWdd4L8nqMFjusMvb9Z1vjm,105517.00,96fdd114b83745da8f6f5f5f1d15cf563a1504eb67fb8293ab7529944d9ddd01
1FsHTVYmVRuq5dGUaiPyeHUWfvX1nzGosN,1FsHTVYmVRuq5dGUaiPyeHUWfvX1nzGosN,6525532.00,96fdd114b83745da8f6f5f5f1d15cf563a1504eb67fb8293ab7529944d9ddd01
1DFZuaa8kjxB2bfL41YYRbW1KjXMTwvLM1,1FtUdjH2d5KXeSd8MB1ScZpvZYavqFHD87,891000.00,3ff767af4e56cc175fb712b7733d27b998b82deb92e294b6011c22990d7ed727
1DFZuaa8kjxB2bfL41YYRbW1KjXMTwvLM1,1Ed7XTWVLhQPBTr9zyK8GhKjVFd1EUaNBE,10688275.00,3ff767af4e56cc175fb712b7733d27b998b82deb92e294b6011c22990d7ed727
1BdCnUUJYuQT11NHUksxKc9QEasb6WY7uX,1C9YeyYYzuMJMffSNxBu1Ctj1nkewh77Gq,543181.00,6f64a741c02d639203e917e4e12bb8d3ed3487b9a3ea4066383e5e6820fadd52
1DustBryh5qacBgPiNDct9g6niiNAFgFPS,1Po1oWkD2LmodfkBYiAktwh76vkF93LKnh,65460.00,a1592711ebc24d52392914874426fd5563ca04ce3cce359a595bb3c03cb869b9
1BdCnUUJYuQT11NHUksxKc9QEasb6WY7uX,1EvYEM4CT1XyDJghcEV1MVeU4dBysrrYSh,271591.00,6f64a741c02d639203e917e4e12bb8d3ed3487b9a3ea4066383e5e6820fadd52
1DustBryh5qacBgPiNDct9g6niiNAFgFPS,1DustBryh5qacBgPiNDct9g6niiNAFgFPS,85329560.00,a1592711ebc24d52392914874426fd5563ca04ce3cce359a595bb3c03cb869b9
1BdCnUUJYuQT11NHUksxKc9QEasb6WY7uX,17xQwRKPygbJ7CZsCcnCy6HsC6XTf6tNNn,271591.00,6f64a741c02d639203e917e4e12bb8d3ed3487b9a3ea4066383e5e6820fadd52
1BjhgEF5gMYMfTxymXhFv5dvR9iFhBcYJe,189L9B4ShDz7QRbUE2CmqNsKY7XEz5qtwj,26881.00,f6291e792a3f6b9509f9fa2b13d566c621c5a5eded23c3b62c7ec242202f2bcb
1GGYWZ1PXC3raWg2z3kFpWYXhwK7XrRhnm,1AChHVc1NDmdcwJgd3h3MzyqZh2JWEgSn8,14814000.00,4f5493061aaacecd0780de9330632bd1b5eef5d5fa9f68ab0165075c73302203
1GGYWZ1PXC3raWg2z3kFpWYXhwK7XrRhnm,1GGYWZ1PXC3raWg2z3kFpWYXhwK7XrRhnm,849521280.00,4f5493061aaacecd0780de9330632bd1b5eef5d5fa9f68ab0165075c73302203
12iFWCbKboBzisHh5xvaYhFPjoDhB1hK7a,1EZfwgZZYLrfD4SnvAQtQ7mAGsYxGUpWH6,218065.00,d0209985b19b9b8b1611eaff872f210ee20197085bffa991a53bba7d2853eb74
12iFWCbKboBzisHh5xvaYhFPjoDhB1hK7a,12iFWCbKboBzisHh5xvaYhFPjoDhB1hK7a,14638209.00,d0209985b19b9b8b1611eaff872f210ee20197085bffa991a53bba7d2853eb74
1ALAcXS9DPMhUnBX7RTyp6uQE2DCbtdhnj,1DER53YRjPTXcWMTfAixcKRyXswUE56ibB,26914.00,c57268908f18daf744b9731fcc48227fde9e98e95620a6754867296b4c376281
1ALAcXS9DPMhUnBX7RTyp6uQE2DCbtdhnj,1EDB54jR1cQ1CJzrVaaYuw9RkANRENkBav,26914.00,c57268908f18daf744b9731fcc48227fde9e98e95620a6754867296b4c376281
1ALAcXS9DPMhUnBX7RTyp6uQE2DCbtdhnj,12paMt96CLa8z4BteG7r4LURUu8atNuggU,136203.00,c57268908f18daf744b9731fcc48227fde9e98e95620a6754867296b4c376281
1ALAcXS9DPMhUnBX7RTyp6uQE2DCbtdhnj,1J9PCzR7Md7vp5Jstgsn4YbykYwLgN4Fbu,134572.00,c57268908f18daf744b9731fcc48227fde9e98e95620a6754867296b4c376281
1ALAcXS9DPMhUnBX7RTyp6uQE2DCbtdhnj,1L3bYNMS5QKzMqWMMoVRxmHmkD35D4LPU7,21059117.00,c57268908f18daf744b9731fcc48227fde9e98e95620a6754867296b4c376281
1BjhgEF5gMYMfTxymXhFv5dvR9iFhBcYJe,12FeLt5mrp2BfxdwN9ZbnZyNcgmxWb9Luq,81458.00,f6291e792a3f6b9509f9fa2b13d566c621c5a5eded23c3b62c7ec242202f2bcb
1ALAcXS9DPMhUnBX7RTyp6uQE2DCbtdhnj,1F83xfNhDbDENosUzJZuBE4YqBV883Pr7u,26914.00,c57268908f18daf744b9731fcc48227fde9e98e95620a6754867296b4c376281
1BjhgEF5gMYMfTxymXhFv5dvR9iFhBcYJe,1DWV8S93L5biYmd4svn2n4ixXuTE1NvPrh,135221.00,f6291e792a3f6b9509f9fa2b13d566c621c5a5eded23c3b62c7ec242202f2bcb
1BjhgEF5gMYMfTxymXhFv5dvR9iFhBcYJe,1JzYpqUQgnxG16FchNF52prokuaKcMF2qK,271257.00,f6291e792a3f6b9509f9fa2b13d566c621c5a5eded23c3b62c7ec242202f2bcb
1ALAcXS9DPMhUnBX7RTyp6uQE2DCbtdhnj,1KwLuPCe26QFdjZRXkJe6gYgC6m29XFtcQ,238152.00,c57268908f18daf744b9731fcc48227fde9e98e95620a6754867296b4c376281
1BjhgEF5gMYMfTxymXhFv5dvR9iFhBcYJe,16D1SPMUHJoKpZgJSv4xhNMdf4KMB8snCP,136036.00,f6291e792a3f6b9509f9fa2b13d566c621c5a5eded23c3b62c7ec242202f2bcb
1ALAcXS9DPMhUnBX7RTyp6uQE2DCbtdhnj,1BqqQSKsU2q7hF6NBNVJSJBMp7R42ycvfD,1004804.00,c57268908f18daf744b9731fcc48227fde9e98e95620a6754867296b4c376281
1BjhgEF5gMYMfTxymXhFv5dvR9iFhBcYJe,1RJGZMbNTnZCiv5PhFFVuaGJeKXqxQg4o,54577.00,f6291e792a3f6b9509f9fa2b13d566c621c5a5eded23c3b62c7ec242202f2bcb
1ALAcXS9DPMhUnBX7RTyp6uQE2DCbtdhnj,14P4pDWP3pBFDUWWn11Wi8C8PAMvsm12jp,2715906.00,c57268908f18daf744b9731fcc48227fde9e98e95620a6754867296b4c376281
1BjhgEF5gMYMfTxymXhFv5dvR9iFhBcYJe,1B3Jw4zqVuEaFGGkcE63xHArfXhpLJGdbY,26881.00,f6291e792a3f6b9509f9fa2b13d566c621c5a5eded23c3b62c7ec242202f2bcb
1ALAcXS9DPMhUnBX7RTyp6uQE2DCbtdhnj,12wSme5qEQH9FXXZrnRvRqb6RN1nJTXJCa,89715.00,c57268908f18daf744b9731fcc48227fde9e98e95620a6754867296b4c376281
1BjhgEF5gMYMfTxymXhFv5dvR9iFhBcYJe,1EDB54jR1cQ1CJzrVaaYuw9RkANRENkBav,26881.00,f6291e792a3f6b9509f9fa2b13d566c621c5a5eded23c3b62c7ec242202f2bcb
1ALAcXS9DPMhUnBX7RTyp6uQE2DCbtdhnj,1CEnT121iD8FCF4y7AUzcMuDN2w7UuaXS8,271591.00,c57268908f18daf744b9731fcc48227fde9e98e95620a6754867296b4c376281
1BjhgEF5gMYMfTxymXhFv5dvR9iFhBcYJe,174p6cseygwwsQpuEGDVFCud9zvkrJ4KkR,26881.00,f6291e792a3f6b9509f9fa2b13d566c621c5a5eded23c3b62c7ec242202f2bcb
1NsSEEhUurPQiNKUVtFcv3kEMipQefYtG,16BfCShDSybHeXhQkeKMb5t9cCHZpR1Ndn,70333.00,4d253b79d2dd7ec05e2a3e0f82a3bee2dcbd889521454e70ff3c446bf39ffc2b
1NsSEEhUurPQiNKUVtFcv3kEMipQefYtG,1NsSEEhUurPQiNKUVtFcv3kEMipQefYtG,22621287.00,4d253b79d2dd7ec05e2a3e0f82a3bee2dcbd889521454e70ff3c446bf39ffc2b
1BjhgEF5gMYMfTxymXhFv5dvR9iFhBcYJe,1MU1UgLuVRsCUuinoN7ibM4cKFNbheSgdg,26881.00,f6291e792a3f6b9509f9fa2b13d566c621c5a5eded23c3b62c7ec242202f2bcb
1BjhgEF5gMYMfTxymXhFv5dvR9iFhBcYJe,1MDBposvXbJJas7FQKcXay3oJij64eAfYB,3576355.00,f6291e792a3f6b9509f9fa2b13d566c621c5a5eded23c3b62c7ec242202f2bcb
18jvFaif7mpP4r4gNAVgNxxVk34JN1yWoj,1BLEAztuhFphpy2cyzy4R1E8kWr3AKyzLr,815501.00,f54889191920e4a89f11238cba9c1b8da1e85e7e6f6f672cfc722cc2cf24e499
18jvFaif7mpP4r4gNAVgNxxVk34JN1yWoj,18jvFaif7mpP4r4gNAVgNxxVk34JN1yWoj,142536562.00,f54889191920e4a89f11238cba9c1b8da1e85e7e6f6f672cfc722cc2cf24e499
19egeMZSgu4NBKRsYuhFFmPw7QnaAJFKMf,1FYYXxCrqLCk3o2JAMUut8zUbgsJgXfoLb,26881.00,50729748ccb5eea9f624acbe6add294321a14d97ffc105cdfe594c655d4d8b17
19egeMZSgu4NBKRsYuhFFmPw7QnaAJFKMf,16wFdFfRZTTA8ZuhVZdqHz2PBVKCb7Tej5,9222482.00,50729748ccb5eea9f624acbe6add294321a14d97ffc105cdfe594c655d4d8b17
19egeMZSgu4NBKRsYuhFFmPw7QnaAJFKMf,12xKYTyFnAtVK11WW6TDpTMvYGp7idiWjc,67610.00,50729748ccb5eea9f624acbe6add294321a14d97ffc105cdfe594c655d4d8b17
19egeMZSgu4NBKRsYuhFFmPw7QnaAJFKMf,1CVkz14QQxvnXNuq9qnKAS4Wex4SxnrSbk,136036.00,50729748ccb5eea9f624acbe6add294321a14d97ffc105cdfe594c655d4d8b17
19egeMZSgu4NBKRsYuhFFmPw7QnaAJFKMf,1LJxrNX7mP5zT3dkaRVhfe7cTnFtKC7ySQ,2712566.00,50729748ccb5eea9f624acbe6add294321a14d97ffc105cdfe594c655d4d8b17
19egeMZSgu4NBKRsYuhFFmPw7QnaAJFKMf,142an2MaggfgnkX4JuaCNdaGZbdi7VWNpf,271257.00,50729748ccb5eea9f624acbe6add294321a14d97ffc105cdfe594c655d4d8b17
19egeMZSgu4NBKRsYuhFFmPw7QnaAJFKMf,1Dv9dPMRGy5My4y9CvhcbXywKVrm11QkwZ,96936.00,50729748ccb5eea9f624acbe6add294321a14d97ffc105cdfe594c655d4d8b17
19egeMZSgu4NBKRsYuhFFmPw7QnaAJFKMf,1JhDtRAushYgYjonQzhLKgDJB1Z8NfRsoV,162917.00,50729748ccb5eea9f624acbe6add294321a14d97ffc105cdfe594c655d4d8b17
19egeMZSgu4NBKRsYuhFFmPw7QnaAJFKMf,1DCDThhQqTdJbnj9wVKeEVeJdyCgcWbYER,26881.00,50729748ccb5eea9f624acbe6add294321a14d97ffc105cdfe594c655d4d8b17
19egeMZSgu4NBKRsYuhFFmPw7QnaAJFKMf,17g4brmMdaNN2A1EytxPihKuwiTZMmg8h2,198759.00,50729748ccb5eea9f624acbe6add294321a14d97ffc105cdfe594c655d4d8b17
19egeMZSgu4NBKRsYuhFFmPw7QnaAJFKMf,1KNvUYZ2WAyswCi9JeSKbVGoEEntNkxA8m,136036.00,50729748ccb5eea9f624acbe6add294321a14d97ffc105cdfe594c655d4d8b17
1EnQENhcugXSEP8rTG3v9BjVNz6wBr36VX,15AEap1u9XLajiSGm5d1V2JDuZoUSpxNtR,2747100.00,ec21e2183574c4f9968e95673373754a1f106d780380899d6b802d2d7ca6a87a
18jvFaif7mpP4r4gNAVgNxxVk34JN1yWoj,1Bzyx9icZLZktHjeyKpjXd3XCkHq7h1hiF,822944.00,266e12fddd625b95527127c661b5501b6ee30cda293732b84f860bb4bef8c9e1
18jvFaif7mpP4r4gNAVgNxxVk34JN1yWoj,18jvFaif7mpP4r4gNAVgNxxVk34JN1yWoj,35225754.00,266e12fddd625b95527127c661b5501b6ee30cda293732b84f860bb4bef8c9e1
1GGYWZ1PXC3raWg2z3kFpWYXhwK7XrRhnm,18F8DESHM8Mf835aeG6xLbCS2Rvyk6Js93,22221000.00,eebdfecc3a86d62af5d29c3160cbb2035d486e75913dbaa41facbf0518e914f7
1GGYWZ1PXC3raWg2z3kFpWYXhwK7XrRhnm,1GGYWZ1PXC3raWg2z3kFpWYXhwK7XrRhnm,977320280.00,eebdfecc3a86d62af5d29c3160cbb2035d486e75913dbaa41facbf0518e914f7
15P9XW8faJy12PkEvrqsBB7Tie6f2DdFnD,14DkiUHcGYHzuTpejhzam6gHiB3jbufkwv,1038100.00,2f146ec4b97b548cc3ed36340cc3b34307e33cb1f289e5fb81c92d445c985e75
15P9XW8faJy12PkEvrqsBB7Tie6f2DdFnD,15AUEqh8PuAtjtWJtauhKXyJWpq1GK7f6r,76159735.00,2f146ec4b97b548cc3ed36340cc3b34307e33cb1f289e5fb81c92d445c985e75
13eo7SsFyvVmtbyUMXC1MrjaTM56iFAfXj,16Lac7QGuLvcyirEFEvq3NAFFRQVATVq8J,4634000.00,0ec6341bd67d244ab193c28f60f7595be78d602c714c4b699a523b11ce23a386
13eo7SsFyvVmtbyUMXC1MrjaTM56iFAfXj,13eo7SsFyvVmtbyUMXC1MrjaTM56iFAfXj,253966200.00,0ec6341bd67d244ab193c28f60f7595be78d602c714c4b699a523b11ce23a386
18NXtk53QiS5zLEEvsDjCXqHKVgzBfhg9G,14x6gULx81LEnMCF9zq8MzX3Eg9V79Ueg1,10993621.00,f4b655cf7bc412957a2649cb20fdda9252b447b35a0c747c669ed00dcdf39f24
18NXtk53QiS5zLEEvsDjCXqHKVgzBfhg9G,144xuNkvvezAxVVDhSvPqrVbonav8aRoxM,399012459.00,f4b655cf7bc412957a2649cb20fdda9252b447b35a0c747c669ed00dcdf39f24
1FtKA8nz2r3MRzgyHVZFbtQPd5MhmT7uYX,1yBX3iuy2oeVhwuHiuBxVVrXw5EFSEMig,9950000.00,e0b814ee93b7221e784b56e25bf64a725928c4159e48cf5402e3d4d3f15901f7
1GGYWZ1PXC3raWg2z3kFpWYXhwK7XrRhnm,1DFGw1qSL8anPDtTVhKGYAGPz4C7qVarzz,22221000.00,a91f187128bf4f662ef6aac538517472b0990d320248d88fc23e51d6d417ee28
1GGYWZ1PXC3raWg2z3kFpWYXhwK7XrRhnm,1GGYWZ1PXC3raWg2z3kFpWYXhwK7XrRhnm,999641280.00,a91f187128bf4f662ef6aac538517472b0990d320248d88fc23e51d6d417ee28
1BF8eLEwJeD6wnagmZtniJsSUYgpnZ2RXY,1E87vb7FrZm2g9TjYwpYd6WNboKCkw69e4,45203553972.00,b54691c9e06277daa5f078e8be52e5f824c38d4cdd5b8f2005f95e9b34039591
1BF8eLEwJeD6wnagmZtniJsSUYgpnZ2RXY,1JxtM7GnrirLcynoBMiDUh6BFnn7apoPje,3039300.00,b54691c9e06277daa5f078e8be52e5f824c38d4cdd5b8f2005f95e9b34039591
1BF8eLEwJeD6wnagmZtniJsSUYgpnZ2RXY,1rbfTWMzhD3adNLdBCbLy7piGYi8bT84i,6000000.00,b54691c9e06277daa5f078e8be52e5f824c38d4cdd5b8f2005f95e9b34039591
1ELAB7tAgmqtKaEgjv8FCrGgApqVs3fuq,1PfQcnxRNbiLkLW5GQiDEKNuuTv7cMxJge,13968994.00,77908b4050a0a3ed64ce01dd97687272da1f76632505c2e6f2b1385c4fee4522
1ELAB7tAgmqtKaEgjv8FCrGgApqVs3fuq,1GKGFnPgpx8ydZLB1anLGC756Kpr76FbaW,17939166536.00,77908b4050a0a3ed64ce01dd97687272da1f76632505c2e6f2b1385c4fee4522
1Lj6d1EVhCghfpvKxBeQ5cAkqcxLrRv4SM,1yBX3iuy2oeVhwuHiuBxVVrXw5EFSEMig,49950000.00,e3e92713acc1db745af07c58d4c2d0b08e1bab0a9f375c82b69e1ac82e86c9d7
1L3bYNMS5QKzMqWMMoVRxmHmkD35D4LPU7,1AQ78HhB8trL38zQRr2v5MRtLMc8GZQWGr,54577.00,b00bf71e4f4143b505ba2e651667c213d7f72239587adca51201a1bcb3e8ea91
1L3bYNMS5QKzMqWMMoVRxmHmkD35D4LPU7,13krFfEd53f1A6PktHs4RR3aXGbKLPiPmf,12817578.00,b00bf71e4f4143b505ba2e651667c213d7f72239587adca51201a1bcb3e8ea91
1L3bYNMS5QKzMqWMMoVRxmHmkD35D4LPU7,1NZaryiq16EVJcqBKHe1CABrB9KwmhGGHP,271257.00,b00bf71e4f4143b505ba2e651667c213d7f72239587adca51201a1bcb3e8ea91
1L3bYNMS5QKzMqWMMoVRxmHmkD35D4LPU7,1Kfb1aWoeo3y3h6m7HXuyuRJbdLVbL9Lzj,2712566.00,b00bf71e4f4143b505ba2e651667c213d7f72239587adca51201a1bcb3e8ea91
1L3bYNMS5QKzMqWMMoVRxmHmkD35D4LPU7,1J3h2h16RcE1vA8LVzRwWMW6dw6cP8b7Y4,26881.00,b00bf71e4f4143b505ba2e651667c213d7f72239587adca51201a1bcb3e8ea91
1L3bYNMS5QKzMqWMMoVRxmHmkD35D4LPU7,1u8aaJBJ5wLxiN8cHaMDw5RUtVj8ADKHg,270442.00,b00bf71e4f4143b505ba2e651667c213d7f72239587adca51201a1bcb3e8ea91
1L3bYNMS5QKzMqWMMoVRxmHmkD35D4LPU7,17QTU55e3h5EtJFKYgpm2jLs3rsvUTE2ui,26881.00,b00bf71e4f4143b505ba2e651667c213d7f72239587adca51201a1bcb3e8ea91
1L3bYNMS5QKzMqWMMoVRxmHmkD35D4LPU7,1Ea3XdHp6pSJSfPZEEn7BJCbNtYbsfyU8m,407292.00,b00bf71e4f4143b505ba2e651667c213d7f72239587adca51201a1bcb3e8ea91
1L3bYNMS5QKzMqWMMoVRxmHmkD35D4LPU7,1NgpehPdHwrN2RVwbTng7633dMz9WVKgQF,42358.00,b00bf71e4f4143b505ba2e651667c213d7f72239587adca51201a1bcb3e8ea91
1L3bYNMS5QKzMqWMMoVRxmHmkD35D4LPU7,141BrH8GkSuxQqLzXYBMpCmB4BcBXqAwUH,244375.00,b00bf71e4f4143b505ba2e651667c213d7f72239587adca51201a1bcb3e8ea91
1L3bYNMS5QKzMqWMMoVRxmHmkD35D4LPU7,1HMFqyj3hPBw9VrHgPkPjkFjC1KDYrPBU9,4068849.00,b00bf71e4f4143b505ba2e651667c213d7f72239587adca51201a1bcb3e8ea91
1GGYWZ1PXC3raWg2z3kFpWYXhwK7XrRhnm,1PbSpN6m7ZGxWsas84EReUu42EBowP9H3y,22221000.00,534ee12d564f39ada997331a1b38bb7da6f36ea9da29e8beeee74dba2ce086f4
1GGYWZ1PXC3raWg2z3kFpWYXhwK7XrRhnm,1GGYWZ1PXC3raWg2z3kFpWYXhwK7XrRhnm,954999280.00,534ee12d564f39ada997331a1b38bb7da6f36ea9da29e8beeee74dba2ce086f4
1NpK2NkBmAtt2qD9qGRdUkYcxPomZVRkyb,19rsdogfULHCpCsNE27oJmzUBxkHiAwQyi,5661331.00,cde62ef6ff9b8814920670728c8ded86d422bc46f41c10bd9a706d4f3231c401
1NpK2NkBmAtt2qD9qGRdUkYcxPomZVRkyb,1NpK2NkBmAtt2qD9qGRdUkYcxPomZVRkyb,8911041.00,cde62ef6ff9b8814920670728c8ded86d422bc46f41c10bd9a706d4f3231c401
122MzZbacGXANgQV4aDXWDQTpNrAGtYKSP,18RUYxEHesAFRPmtqWvG8wjYtF788uPNt3,191590.00,f7378cb8badcb1754a5c1174b18b4e4ba908e0e2f63a7869153498496d0a232f
122MzZbacGXANgQV4aDXWDQTpNrAGtYKSP,1JbU8gXgg5qyRxLK1aGFFKhsgt6BsmHLgv,4072954.00,f7378cb8badcb1754a5c1174b18b4e4ba908e0e2f63a7869153498496d0a232f
1GGYWZ1PXC3raWg2z3kFpWYXhwK7XrRhnm,1QLN34wJG7pdgoqrLPoxWfMiqpLME5euVh,7407000.00,af87f1b4d5ebbc71e23a169b18b3824ee98dbd9a263a57d3c6628b1a27dcf88f
1GGYWZ1PXC3raWg2z3kFpWYXhwK7XrRhnm,1GGYWZ1PXC3raWg2z3kFpWYXhwK7XrRhnm,108037610.00,af87f1b4d5ebbc71e23a169b18b3824ee98dbd9a263a57d3c6628b1a27dcf88f
1GGYWZ1PXC3raWg2z3kFpWYXhwK7XrRhnm,1CxiyAhAt7pyCtwqtE3SqhYZRaRqioEsix,10367000.00,96258e72c48b4b8e20b6355ee2abd841a732209d3cffb48786f5d9d8fa2f21f2
1GGYWZ1PXC3raWg2z3kFpWYXhwK7XrRhnm,1GGYWZ1PXC3raWg2z3kFpWYXhwK7XrRhnm,682457280.00,96258e72c48b4b8e20b6355ee2abd841a732209d3cffb48786f5d9d8fa2f21f2
1AhgVHkMZSdSKULkmiL9zCpSB6iiNwC9rh,16eJstEeEiryW46puhzmVx94ufpeTxaaMA,105670280.00,aef3fe5a6e544fb022bc97e963f292a0efcf56d35be878b917100799ae4e9d7a
1DustBryh5qacBgPiNDct9g6niiNAFgFPS,1Po1oWkD2LmodfkBYiAktwh76vkF93LKnh,65460.00,cd213ca4f9b351232a62b784b0131169de5de312c81a1b22d94ee0ffdbbd0344
1DustBryh5qacBgPiNDct9g6niiNAFgFPS,1DustBryh5qacBgPiNDct9g6niiNAFgFPS,85204100.00,cd213ca4f9b351232a62b784b0131169de5de312c81a1b22d94ee0ffdbbd0344
1E87vb7FrZm2g9TjYwpYd6WNboKCkw69e4,13upXDoj7L7r1CtPQRaPSrKzgTZdQLGUAj,99700000.00,fddb734f2d8b249b166dd1810d2dc34762dedcf737714c7d9b9ffd2b10427a0e
1E87vb7FrZm2g9TjYwpYd6WNboKCkw69e4,13SnJqkTGHXeZQANxyNCMQ8QuVNAWY98vY,95480000.00,fddb734f2d8b249b166dd1810d2dc34762dedcf737714c7d9b9ffd2b10427a0e
1E87vb7FrZm2g9TjYwpYd6WNboKCkw69e4,1E7fcvLem6Ss82nfFmtZ23AgAEGvQvJWFe,45008001348.00,fddb734f2d8b249b166dd1810d2dc34762dedcf737714c7d9b9ffd2b10427a0e
1E87vb7FrZm2g9TjYwpYd6WNboKCkw69e4,112iA4mmbhGmAHcgNAP6adWJKQ4DtUHnaH,313907.00,fddb734f2d8b249b166dd1810d2dc34762dedcf737714c7d9b9ffd2b10427a0e
1GGYWZ1PXC3raWg2z3kFpWYXhwK7XrRhnm,1Mik8AixCAdzTDWGZ3xuqdfe1qhSdmXJ8N,13184000.00,cc597b2f25ad2c423ea3f20a4195184989cc1404006dfb25dae135a417a24888
1GGYWZ1PXC3raWg2z3kFpWYXhwK7XrRhnm,1GGYWZ1PXC3raWg2z3kFpWYXhwK7XrRhnm,669173280.00,cc597b2f25ad2c423ea3f20a4195184989cc1404006dfb25dae135a417a24888
18oCMfJ3uPSZiPSUEWEdsskTiJGv5RaeeG,13L2sthpdTRqUJofjCYdeRnsbjTskY6DwS,8194639.00,05866d85a8cb6f69b16b82c44d39bb414e348157dbd8af6e9c9d3db7a7f7b57e
12p4wDtaWMc9D3KQzTVtCTTgBu236F2vmz,14ivwdLfE5sckphHZurMNpUwGLTGUdKxPM,71800.00,560d40e50a2eb9d8ff1a1d92a43e8d398efa44dce8d9ecb533f453ac965ba976
12p4wDtaWMc9D3KQzTVtCTTgBu236F2vmz,12p4wDtaWMc9D3KQzTVtCTTgBu236F2vmz,1744260.00,560d40e50a2eb9d8ff1a1d92a43e8d398efa44dce8d9ecb533f453ac965ba976
1GGYWZ1PXC3raWg2z3kFpWYXhwK7XrRhnm,15RkUs7uut9pRgtW3tbMeH4wFRwoVjPsSt,7556000.00,20cbeb590fc972d415eedb5a4dafa03928b2884372afd28489262c05e9cbfdaa
1GGYWZ1PXC3raWg2z3kFpWYXhwK7XrRhnm,1GGYWZ1PXC3raWg2z3kFpWYXhwK7XrRhnm,797122280.00,20cbeb590fc972d415eedb5a4dafa03928b2884372afd28489262c05e9cbfdaa
13eo7SsFyvVmtbyUMXC1MrjaTM56iFAfXj,19YrkVXEsbEanC16xi5ZAeJZ9KQPe7CuQK,18576000.00,c3ecdbc4594539bcefc0cf5d1f1591e57543899ca582d0892018a01208ad38dd
13eo7SsFyvVmtbyUMXC1MrjaTM56iFAfXj,13eo7SsFyvVmtbyUMXC1MrjaTM56iFAfXj,258669400.00,c3ecdbc4594539bcefc0cf5d1f1591e57543899ca582d0892018a01208ad38dd
1FdGYKBn9HiU9Edd332Qqk8HGTxhXxzMHJ,17Ryvk2U4KsFaixgsx77TwSTuZ3moQe6ZH,74614255.00,62e657b2af813ff460c24de2641cd1f29ebaf48612b93c61df8ed9f4e9ec82b3
1FdGYKBn9HiU9Edd332Qqk8HGTxhXxzMHJ,1xSHBzB4ohA5mosvPHH3q6fcQ4s1eJjPm,1039200.00,62e657b2af813ff460c24de2641cd1f29ebaf48612b93c61df8ed9f4e9ec82b3
1GGYWZ1PXC3raWg2z3kFpWYXhwK7XrRhnm,18XoSZKrkSRrVyCWgjnJRcGXDrxzeY4Msy,22221000.00,d8967dc0f910e4cc36c7c479ac326fa76c0a33ba928d8e3d41ec71a13ea2dfba
1GGYWZ1PXC3raWg2z3kFpWYXhwK7XrRhnm,1GGYWZ1PXC3raWg2z3kFpWYXhwK7XrRhnm,730159280.00,d8967dc0f910e4cc36c7c479ac326fa76c0a33ba928d8e3d41ec71a13ea2dfba
1DwNi6fsG4jfAJAe7vPBi6stKX4H2z3EXe,12KutgpUgU2Y5ifxNcLQBpTBbnzvRyhW6S,1200000.00,9c56090120e95692e6919e8bd9f7d27082e61e1c9f7fb1670e0198390325c338
1DwNi6fsG4jfAJAe7vPBi6stKX4H2z3EXe,18ApmRhDmcvDWfVgb4aRvfjogzVrGeE7Q2,52946294.00,9c56090120e95692e6919e8bd9f7d27082e61e1c9f7fb1670e0198390325c338
1LuckyR1fFHEsXYyx5QK4UFzv3PEAepPMK,19HuaNprtc8MpG6bmiPoZigjaEu9xccxps,532362.00,c1dc810928a5e0bb0ff41285f6e37f41524feceabc06ee59da3a5ff82649d1ea
1LuckyR1fFHEsXYyx5QK4UFzv3PEAepPMK,1NxaBCFQwejSZbQfWcYNwgqML5wWoE3rK4,2529446.00,c1dc810928a5e0bb0ff41285f6e37f41524feceabc06ee59da3a5ff82649d1ea
17YU7mEVHHEXuk7E4uSE29vkrccZeUqqQV,1ALbcFphuZWeyRzyCVa7npSopSZ4fXR9Wf,915000.00,81ad18cb701464951049ee828523cfc8aac3ece14dd8cc3c9d59776322284ade
17YU7mEVHHEXuk7E4uSE29vkrccZeUqqQV,15yboydqrCBxtrEaYUV47rShQQqzoXek13,27164820.00,81ad18cb701464951049ee828523cfc8aac3ece14dd8cc3c9d59776322284ade
1x4gUTGwz5FiCtR8VEG5gHRRa864td7Ly,15AEap1u9XLajiSGm5d1V2JDuZoUSpxNtR,768100.00,0d2f63dc74af701dbd88469e1b5b76df2d69cab074c170d11b75607ea5a858f0
1GGYWZ1PXC3raWg2z3kFpWYXhwK7XrRhnm,1Q4wHSbmioKwKjjgXobQnDuD71TPaPNurS,22221000.00,b5ee38ec6412307df298e7061df4000ec6e343ee13aef4e119dfdfda47ef8d01
1GGYWZ1PXC3raWg2z3kFpWYXhwK7XrRhnm,1GGYWZ1PXC3raWg2z3kFpWYXhwK7XrRhnm,774801280.00,b5ee38ec6412307df298e7061df4000ec6e343ee13aef4e119dfdfda47ef8d01
1HyPweecxMbdE63nWegUKMCrtCMzmSXMmC,1yBX3iuy2oeVhwuHiuBxVVrXw5EFSEMig,19950000.00,fa009d004b1fc92158118fa0d47d3888c10df856a0de8477c34f0deb69201e43
137Utyn1LdnyXKtR6cPdCV6d1qHsmb3uHy,1E3WF3dYQqFYN2kiyaMpTMMZ1XLErWwJ3V,570000.00,f86e3ce45324b2e1a9e2002332b681666838d368b7f1343152f8757c7424a89e
137Utyn1LdnyXKtR6cPdCV6d1qHsmb3uHy,1HM2xuvsjxYvPA11o3A9AwJkHi5iuXpH3F,34541081.00,f86e3ce45324b2e1a9e2002332b681666838d368b7f1343152f8757c7424a89e
1E941j4aEDZePQTMgy772GBABPUXWbsqma,16Q6JnjUat7AxEZuqV9PboSkiwLNsbyCSs,1000000.00,9875f156e61113ba242c22f81cc023559ee81fd09d9f193aa0e06ab8661cef6d
1E941j4aEDZePQTMgy772GBABPUXWbsqma,1E941j4aEDZePQTMgy772GBABPUXWbsqma,2732628180.00,9875f156e61113ba242c22f81cc023559ee81fd09d9f193aa0e06ab8661cef6d
12iFWCbKboBzisHh5xvaYhFPjoDhB1hK7a,1JDQcgQa9rESW4AiHpLpb2W5GcC2rCZ5t5,24640.00,25268bf04d309f62e109071fe0b7fb69a8686f9a7725e89059889dc55b7fad9d
12iFWCbKboBzisHh5xvaYhFPjoDhB1hK7a,12iFWCbKboBzisHh5xvaYhFPjoDhB1hK7a,14925474.00,25268bf04d309f62e109071fe0b7fb69a8686f9a7725e89059889dc55b7fad9d
18jvFaif7mpP4r4gNAVgNxxVk34JN1yWoj,1BP7fuFekauwteJhktZG211n7ucSDEjiSn,820136.00,1294f4fc6f8ebc6da97d784776f6a1424c061308476d45e5c0daaf4067289838
18jvFaif7mpP4r4gNAVgNxxVk34JN1yWoj,18jvFaif7mpP4r4gNAVgNxxVk34JN1yWoj,37293820.00,1294f4fc6f8ebc6da97d784776f6a1424c061308476d45e5c0daaf4067289838
177FxQ1mLSQqN92GYTdf2M1Eq2owvXGbrm,1F86g1LzZNTaHbckZzpC7LKpXs6NadpVQ9,5542379.53,32161a4f36110d7b30fe98273db4ab263c98170f7957b117b447c5da87431399
177FxQ1mLSQqN92GYTdf2M1Eq2owvXGbrm,177FxQ1mLSQqN92GYTdf2M1Eq2owvXGbrm,421871.85,32161a4f36110d7b30fe98273db4ab263c98170f7957b117b447c5da87431399
15gPkHVEetW3cPwG3KtCJTRrgHqNsHwNvU,1F86g1LzZNTaHbckZzpC7LKpXs6NadpVQ9,757620.47,32161a4f36110d7b30fe98273db4ab263c98170f7957b117b447c5da87431399
15gPkHVEetW3cPwG3KtCJTRrgHqNsHwNvU,177FxQ1mLSQqN92GYTdf2M1Eq2owvXGbrm,57668.15,32161a4f36110d7b30fe98273db4ab263c98170f7957b117b447c5da87431399
1E5q6gzmzspgPasioT4h1V2EmLcdhj9mm5,18iGCsVJg3fTfQiogjNqnw9sVvrTBmiPv2,6029000.00,d8f611237d5a06b0d45adeb39f4d79577efd99d772da55b980acd1f447157fe5
15NpXhNjhiXJvdmZAVhKKD2hNvaPU5oeEt,1Bw6Lr1Ra8aPhVpqZhZJ9qSxGmND2GoYA5,363109.00,92d9446f989dd8e96c5ad5240a53250e2e34e2a9bcc8441443714cc5fe5be0a3
15NpXhNjhiXJvdmZAVhKKD2hNvaPU5oeEt,1KnuRe1m9Y9GpdK9Qd7eniHuEVfYw5eJpQ,17967327177.00,92d9446f989dd8e96c5ad5240a53250e2e34e2a9bcc8441443714cc5fe5be0a3
188eor4oqf5XnMFKcABBjdbyrEMDKFyccm,196mHv1RVCejYVejxhwUbuUjxRYnvM2rd1,28755.77,c14903602bdec4b2758aafa5784261d94097aa908b24b817afe2a6e4370e6351
188eor4oqf5XnMFKcABBjdbyrEMDKFyccm,188eor4oqf5XnMFKcABBjdbyrEMDKFyccm,545534.83,c14903602bdec4b2758aafa5784261d94097aa908b24b817afe2a6e4370e6351
177FxQ1mLSQqN92GYTdf2M1Eq2owvXGbrm,196mHv1RVCejYVejxhwUbuUjxRYnvM2rd1,844.23,c14903602bdec4b2758aafa5784261d94097aa908b24b817afe2a6e4370e6351
177FxQ1mLSQqN92GYTdf2M1Eq2owvXGbrm,188eor4oqf5XnMFKcABBjdbyrEMDKFyccm,16016.17,c14903602bdec4b2758aafa5784261d94097aa908b24b817afe2a6e4370e6351
1E941j4aEDZePQTMgy772GBABPUXWbsqma,198C8BS1JECT1gYdifWhFpHgJfqbz1Zt3s,473936000.00,b7bfa7ce87ce41bc0f7cae78b7649814ef91dcce4f4da68b48b0d73b295d97e6
1E941j4aEDZePQTMgy772GBABPUXWbsqma,1E941j4aEDZePQTMgy772GBABPUXWbsqma,3407200600.00,b7bfa7ce87ce41bc0f7cae78b7649814ef91dcce4f4da68b48b0d73b295d97e6
15gPkHVEetW3cPwG3KtCJTRrgHqNsHwNvU,1Aixp59EKnysTgPGCBQjJonJdVTokYdyqP,300000.00,38a328c10f6f57a2465b336f00c84bbc30c1e2af1e0612b75fc3767da32aabf3
15gPkHVEetW3cPwG3KtCJTRrgHqNsHwNvU,15gPkHVEetW3cPwG3KtCJTRrgHqNsHwNvU,829960.00,38a328c10f6f57a2465b336f00c84bbc30c1e2af1e0612b75fc3767da32aabf3
1GGYWZ1PXC3raWg2z3kFpWYXhwK7XrRhnm,1Ae1ATxN25L7B7wcD1vr7aLSF5w1fYxWqL,66662000.00,88df2f2e31df4b7f52e50b9d399ec28b6cf3ab52b3e3a3bcd39a120034ead66f
1GGYWZ1PXC3raWg2z3kFpWYXhwK7XrRhnm,1GGYWZ1PXC3raWg2z3kFpWYXhwK7XrRhnm,231498700.00,88df2f2e31df4b7f52e50b9d399ec28b6cf3ab52b3e3a3bcd39a120034ead66f
12iFWCbKboBzisHh5xvaYhFPjoDhB1hK7a,1LYDyGGWitvwung6xHYrUG2Fc639hmqsYq,384000.00,eda1cd91d45464fc73609dfd6562c3a757533e342c2be8529712895503a380c2
12iFWCbKboBzisHh5xvaYhFPjoDhB1hK7a,12iFWCbKboBzisHh5xvaYhFPjoDhB1hK7a,13848481.00,eda1cd91d45464fc73609dfd6562c3a757533e342c2be8529712895503a380c2
1C6yNTp8y1QVAwjPGLRMx9q6X5rMZZsSP,1BkzJvJSRo4MDfrRy3ocxWBDfwgeFYNU7t,224504000.00,fb32a7ae28217f87b14f37c2f0522756a5269385f6a49f35e4e695fe117c8dcb
1C6yNTp8y1QVAwjPGLRMx9q6X5rMZZsSP,12mN4CaMAh9ZiB2mD14f31etHDxCT3U1p4,17663324220.00,fb32a7ae28217f87b14f37c2f0522756a5269385f6a49f35e4e695fe117c8dcb
1GGYWZ1PXC3raWg2z3kFpWYXhwK7XrRhnm,16NWXwmCg7Q93NpcrprJ4MWJiUNw35W3Vm,8888000.00,305d0f4f43831d989fefb9b3f9e942325a8defebc4aa3fcea5d10a4a634a3c45
1GGYWZ1PXC3raWg2z3kFpWYXhwK7XrRhnm,1GGYWZ1PXC3raWg2z3kFpWYXhwK7XrRhnm,864435280.00,305d0f4f43831d989fefb9b3f9e942325a8defebc4aa3fcea5d10a4a634a3c45
1BWgJnmxpqRi88F3RD51FjFT4f5FSe6pDh,1yBX3iuy2oeVhwuHiuBxVVrXw5EFSEMig,9950000.00,52219b409f8bfae350a44e2224363b32e0be8ab6a3a941b6a520769f4631e745
14n9wWk4j1ZSDD7usKFc73jV7LNoViggTP,1DUjhpM9pcD8ptrhrJNcFRhjGMUdujgPhQ,19957744.00,888f37aab173ecf7c4457efd8eeb7fc5ff0ec51ad328cde05f76b9872b214f3c
17gyzafoi3MhUiNKFovG9NLHVhWqsLv2to,13bapoYrQQ29whqN5KQoHuYfQsvHxjJ5ui,1139866.00,a7fd3a61669bac3ea1e2359ded9ec032242eb9d83924dd15a371b6a90dff910a
17gyzafoi3MhUiNKFovG9NLHVhWqsLv2to,1D6o2xqG141ruuFxPLbgRfsnqzrZ9bMnkQ,2408122.00,a7fd3a61669bac3ea1e2359ded9ec032242eb9d83924dd15a371b6a90dff910a
18pCrE3xauTKmEZme5VWHSCZQQo5vbNPUk,15AEap1u9XLajiSGm5d1V2JDuZoUSpxNtR,3721000.00,e53ba245c9d6bde6dd71e99a83f0af7f9d69467628696b1d7694daf244088fef
1B3FQxF7uGrJyn85Z8MdYq6Bw6JnzjFmUB,1FT8zgman2HK76XHrU95w3fMmC4e57SEC9,20917812332.00,3c5286facce20b300f69a9b039883280abfb0747462ca0a724832a47c6fef1f1
1B3FQxF7uGrJyn85Z8MdYq6Bw6JnzjFmUB,1NsAEWbEkdrnhGzZ7P2UaPet9FjPJMUUXb,5064058.00,3c5286facce20b300f69a9b039883280abfb0747462ca0a724832a47c6fef1f1
12iFWCbKboBzisHh5xvaYhFPjoDhB1hK7a,1EYLDCsKfhocDCbnwSgrPq4PkEaMHWQfYL,35200.00,01d63c24f873d73ae1a8d182c56a9744478220ccf7f28233a4b890f8f43b09d5
12iFWCbKboBzisHh5xvaYhFPjoDhB1hK7a,12iFWCbKboBzisHh5xvaYhFPjoDhB1hK7a,13539601.00,01d63c24f873d73ae1a8d182c56a9744478220ccf7f28233a4b890f8f43b09d5
1NhrFnHCWFu9suFDktGsoUFL1R4RVG3zn1,12aVLrC6dUvnQcyGdKApR4Z5PfskJgxcPa,6000000.00,45dd9472dc0f789ee32af940c5a0d2d2c7e0766454c258f72743f319383a7fc4
1NhrFnHCWFu9suFDktGsoUFL1R4RVG3zn1,1DiXNVfYNUjyEasBr5WMCPiFekaFK21pVU,3032100.00,45dd9472dc0f789ee32af940c5a0d2d2c7e0766454c258f72743f319383a7fc4
1tMwE8vmRnUUg2MCMY753gFknHRovXisd,15AEap1u9XLajiSGm5d1V2JDuZoUSpxNtR,1497000.00,a82f13446bc63fec86937ac55dad551b51f64d2d184e342ae061c583dd346cb7
12p4wDtaWMc9D3KQzTVtCTTgBu236F2vmz,1Nhac27gyHtMtQwWtk3S2T7CubPWrFFyHP,124800.00,03f2d595325d8e7c57e1d3a6cfc34a6dc9ab9bdf92bae81e1a24b568e1d354cd
12p4wDtaWMc9D3KQzTVtCTTgBu236F2vmz,12p4wDtaWMc9D3KQzTVtCTTgBu236F2vmz,3207860.00,03f2d595325d8e7c57e1d3a6cfc34a6dc9ab9bdf92bae81e1a24b568e1d354cd
1EVhZb2YnpAYy6U7LXNprvSsy6ozWu9tkc,1BJV6R9QSt9N5XCTWxdkkntFF3k2NmZsPT,48692487.00,8838fd95df934c03c859ef36b9c8724e09d6b00c3d471a93b91501e389addc56
1EVhZb2YnpAYy6U7LXNprvSsy6ozWu9tkc,1LY6T4QtvUEtXFgMU3kar8VS5vLgyM61cb,16291819.00,8838fd95df934c03c859ef36b9c8724e09d6b00c3d471a93b91501e389addc56
1GGYWZ1PXC3raWg2z3kFpWYXhwK7XrRhnm,1D8RHnYfcHc5citfR3Hgk8tuFhSEu39B82,81476000.00,850c1b894f135635e87adbeb60f2b34692f1345e424e1af1ba5c663ac8dd1ae6
1GGYWZ1PXC3raWg2z3kFpWYXhwK7XrRhnm,1GGYWZ1PXC3raWg2z3kFpWYXhwK7XrRhnm,1021962280.00,850c1b894f135635e87adbeb60f2b34692f1345e424e1af1ba5c663ac8dd1ae6
1MWMaD4qyquTegbdRV95hF162rXmPK2VAj,15AEap1u9XLajiSGm5d1V2JDuZoUSpxNtR,2103600.00,5b44c90db73c3537f8501e964e71172c4d4d205c5d4e3fbbb9812db4d8b1acee
1E941j4aEDZePQTMgy772GBABPUXWbsqma,18XspkViWEwbSveRXxwjJ4Kpo9ZZdRDo8m,11723000.00,21091cb3093b4b1b8d829a5ef4e8d9ab91bd134ac603df1bfaee7d5c20b510a0
1E941j4aEDZePQTMgy772GBABPUXWbsqma,1E941j4aEDZePQTMgy772GBABPUXWbsqma,2716744780.00,21091cb3093b4b1b8d829a5ef4e8d9ab91bd134ac603df1bfaee7d5c20b510a0
1GGYWZ1PXC3raWg2z3kFpWYXhwK7XrRhnm,12JwoBz4AEB91Rsveq4JndJz94ugEi5ven,22221000.00,09cd7a7d16d98ec7cc57e870c529bc3fa5da0d6db1e48e7c1ad0f3826a8c9ce1
1GGYWZ1PXC3raWg2z3kFpWYXhwK7XrRhnm,1GGYWZ1PXC3raWg2z3kFpWYXhwK7XrRhnm,141846700.00,09cd7a7d16d98ec7cc57e870c529bc3fa5da0d6db1e48e7c1ad0f3826a8c9ce1
1Mgs5dygZ3BM4BdW1Y9quBCfvnZLRn17cY,1yBX3iuy2oeVhwuHiuBxVVrXw5EFSEMig,4950000.00,9716a7b9d71a51936bcd60fa8e991d9ff6c8514d4baab0ba448512210da2b07e
14shhnUYn28Qrfn9JBEsCMuAE8WGNk3KHo,15AEap1u9XLajiSGm5d1V2JDuZoUSpxNtR,2496700.00,5db8f850c29045e2b1239f81654de4e290839dc4a09ae1ad81a95925bead2e08
1PhiTsitCBxeKBoX5e3Z12RRx18HFpzAWd,1DFZuaa8kjxB2bfL41YYRbW1KjXMTwvLM1,11629275.00,9800adf153ac22d2fb4496434824cb526ff45e8e2b572800f4e25cc87cf37dfb
1PhiTsitCBxeKBoX5e3Z12RRx18HFpzAWd,1JHgP87gMNG37Z1xoJWab8ckc8EXavpDZJ,8112537.00,9800adf153ac22d2fb4496434824cb526ff45e8e2b572800f4e25cc87cf37dfb
1GGYWZ1PXC3raWg2z3kFpWYXhwK7XrRhnm,1AdB7fEwhjAPFRaZaU8xBWjV2MAyzXTfJC,22221000.00,a2f51a2aee644c337f5f1ec57fbd35c5969a471203beeda0108612c7b328c03c
1GGYWZ1PXC3raWg2z3kFpWYXhwK7XrRhnm,1GGYWZ1PXC3raWg2z3kFpWYXhwK7XrRhnm,624531280.00,a2f51a2aee644c337f5f1ec57fbd35c5969a471203beeda0108612c7b328c03c
15fWUDtwfHA5GnhADBB6bDrzqUrvZMpMAU,17yjdiaHjNeT9dWhZJBuGHsjraC4HR4CYz,1136702.00,886a149f04a1a7ddeba38decb8eef258d80295ce878f49d6f596f33816200356
15fWUDtwfHA5GnhADBB6bDrzqUrvZMpMAU,1FDuU3N5mmC4edy4Fm5xAsMkF4GuEt4sWq,4408590.00,886a149f04a1a7ddeba38decb8eef258d80295ce878f49d6f596f33816200356
1FT8zgman2HK76XHrU95w3fMmC4e57SEC9,1KajVvvYS3sG4JGD451gYpcFKTJNiKCHgA,3360000.00,a6d5342986ef194b59b6000f0143f05208f40ee7bef2a811692b54ce9a6ceb8c
1E941j4aEDZePQTMgy772GBABPUXWbsqma,1PVjGgr9sf1n7QFPREEBobHpC4T9eAS54P,59510000.00,038ca9fb41bd653a80adf00a3acf4524d8ca2316e3ae0debb14cf970abf5fb62
1FT8zgman2HK76XHrU95w3fMmC4e57SEC9,1CR3oGKjSohe4hEy6QbkfFmdNMXsacPRQh,20914407042.00,a6d5342986ef194b59b6000f0143f05208f40ee7bef2a811692b54ce9a6ceb8c
18jvFaif7mpP4r4gNAVgNxxVk34JN1yWoj,1MY8mV5VfvZRB5BYidrshY3V4ugLgGDxdB,405920.00,1a89ec966fc00c73cc203c831103674f7c30b1ee0cb0d51bad744961386c33ca
18jvFaif7mpP4r4gNAVgNxxVk34JN1yWoj,18jvFaif7mpP4r4gNAVgNxxVk34JN1yWoj,144861541.00,1a89ec966fc00c73cc203c831103674f7c30b1ee0cb0d51bad744961386c33ca
1E941j4aEDZePQTMgy772GBABPUXWbsqma,1E941j4aEDZePQTMgy772GBABPUXWbsqma,2733697380.00,038ca9fb41bd653a80adf00a3acf4524d8ca2316e3ae0debb14cf970abf5fb62
1LCM5fpxyjb12L884UT1qioB6d8jRq24P1,17wdmY7cgbxNDZxQUEkS2p2md74rneZiiJ,5000000.00,fd4eca3f96bf6af99b04f6c1033538ad3f19485b201a8630912bfdab9140a95d
1LCM5fpxyjb12L884UT1qioB6d8jRq24P1,1NhrFnHCWFu9suFDktGsoUFL1R4RVG3zn1,9132100.00,fd4eca3f96bf6af99b04f6c1033538ad3f19485b201a8630912bfdab9140a95d
12iFWCbKboBzisHh5xvaYhFPjoDhB1hK7a,19fBSsvWwuzaE4qW5eiCcecaFQeKi2k176,28040.00,9f2ad38b27ba1267dd04db96305799afeabd3cc3caebcd10f392194cce7edd9b
12iFWCbKboBzisHh5xvaYhFPjoDhB1hK7a,12iFWCbKboBzisHh5xvaYhFPjoDhB1hK7a,14540969.00,9f2ad38b27ba1267dd04db96305799afeabd3cc3caebcd10f392194cce7edd9b
1EQeoQf2Dg5qetDn4UCqcb4pj5Crnx6265,15AEap1u9XLajiSGm5d1V2JDuZoUSpxNtR,1375700.00,7a070bd1a5c7165a6b25401c3d4271ecd72aa14037e721b83982bf5c1681c3ab
1DeVhUPCzGHZtv76gE7GhxbqzYC3ey7LEi,15AEap1u9XLajiSGm5d1V2JDuZoUSpxNtR,3801900.00,bf3f10f80675c89bf8de1907e4422ddf0cab3d2f2777a78eb603de0e39864aa4
1AW2gLeeyqSVdxuR4JWxLrLWHAAXs4J9cM,16ezxTUBhMsqGsdUYDfUhbeLgGgYvaB1rK,375009623.00,a0bcb751ca9cb55ffd7f2b0de5241b0ab134cc81e38de338a7528632f6366369
1AW2gLeeyqSVdxuR4JWxLrLWHAAXs4J9cM,1BjMRftEVJu9QhVXb9eJVzm2k1GtBzexPV,3931661.00,a0bcb751ca9cb55ffd7f2b0de5241b0ab134cc81e38de338a7528632f6366369
1FoxBitjXcBeZUS4eDzPZ7b124q3N7QJK7,1GV9mDxZDQZHtsTxGgSJvisVF2KPgWm1Vm,4000000.00,6924cbb883a4549c3c9fa3b71371dae9a85d79f5143799e3ccac12e904f16ae7
1FoxBitjXcBeZUS4eDzPZ7b124q3N7QJK7,1FoxBitjXcBeZUS4eDzPZ7b124q3N7QJK7,10926237427.00,6924cbb883a4549c3c9fa3b71371dae9a85d79f5143799e3ccac12e904f16ae7
12iFWCbKboBzisHh5xvaYhFPjoDhB1hK7a,16jLV7tMUwPAYuMSk41guayZPdBjYyLh3e,25524.00,14539486684e690881e48c48744cc4d9a33a413349ca836130351f7d7290e9a0
12iFWCbKboBzisHh5xvaYhFPjoDhB1hK7a,12iFWCbKboBzisHh5xvaYhFPjoDhB1hK7a,13271837.00,14539486684e690881e48c48744cc4d9a33a413349ca836130351f7d7290e9a0
17BZtN1Pdwzcs18g1aRuwvUTTT41jxPkWj,121coJjdUjgQAcZ8v2i3TZTvmUw7mrMot9,1195165.00,bdbf65478cfb63972adf0dd4039cc74c2bd11d04a62f396c8b386fd61670c19d
17BZtN1Pdwzcs18g1aRuwvUTTT41jxPkWj,17BZtN1Pdwzcs18g1aRuwvUTTT41jxPkWj,329325959.00,bdbf65478cfb63972adf0dd4039cc74c2bd11d04a62f396c8b386fd61670c19d
13eo7SsFyvVmtbyUMXC1MrjaTM56iFAfXj,19YrkVXEsbEanC16xi5ZAeJZ9KQPe7CuQK,798084.03,0492e04a784b4418e362d1a0dea0a0a9957ca8993174ee749ee3bc84106ac691
13eo7SsFyvVmtbyUMXC1MrjaTM56iFAfXj,13eo7SsFyvVmtbyUMXC1MrjaTM56iFAfXj,7874412.25,0492e04a784b4418e362d1a0dea0a0a9957ca8993174ee749ee3bc84106ac691
1GGYWZ1PXC3raWg2z3kFpWYXhwK7XrRhnm,1EnchKduYcBsgoULjeJhk5J6Lgh5deFWny,43329000.00,8f386467d75269f58d87cd06f8d4c670507a2d45093f7c1b353cf3b4218d9b51
1GGYWZ1PXC3raWg2z3kFpWYXhwK7XrRhnm,1GGYWZ1PXC3raWg2z3kFpWYXhwK7XrRhnm,188069700.00,8f386467d75269f58d87cd06f8d4c670507a2d45093f7c1b353cf3b4218d9b51
1Kqb7qiWHmAnuXbNKAzDKPGF36WMQzbips,15WHKXkr4cVQ2k1XSaGH2bzXMkJzjLYwmD,63515.23,2ba85ab6c67f9e41c16ad2583f6fa46d046425b12ade73f700842ff6a31a27ee
1Kqb7qiWHmAnuXbNKAzDKPGF36WMQzbips,1LnqdPjdZaDJJHRbEvHUaBxQ1h19mLVL8K,113675.84,2ba85ab6c67f9e41c16ad2583f6fa46d046425b12ade73f700842ff6a31a27ee
1Kqb7qiWHmAnuXbNKAzDKPGF36WMQzbips,15qmXEcR3ZKRacF7xtfDJeuGofekzsaiZJ,10911.61,2ba85ab6c67f9e41c16ad2583f6fa46d046425b12ade73f700842ff6a31a27ee
1Kqb7qiWHmAnuXbNKAzDKPGF36WMQzbips,16tzKYjVCHMTByk5oWdVj3kcszYxywgtL7,218032.59,2ba85ab6c67f9e41c16ad2583f6fa46d046425b12ade73f700842ff6a31a27ee
1Kqb7qiWHmAnuXbNKAzDKPGF36WMQzbips,164j4d8YrSRo9z6ZUZogoPbYap4aQweonD,270835.07,2ba85ab6c67f9e41c16ad2583f6fa46d046425b12ade73f700842ff6a31a27ee
1Kqb7qiWHmAnuXbNKAzDKPGF36WMQzbips,1K7uxJqZbjjev98M9LAKzBV3WVn3GxasbD,5374.38,2ba85ab6c67f9e41c16ad2583f6fa46d046425b12ade73f700842ff6a31a27ee
1Kqb7qiWHmAnuXbNKAzDKPGF36WMQzbips,16t5xHepWa67R9oaLox41PWScrfY4T5eaZ,27197.60,2ba85ab6c67f9e41c16ad2583f6fa46d046425b12ade73f700842ff6a31a27ee
1Kqb7qiWHmAnuXbNKAzDKPGF36WMQzbips,1MmjrWh5rsp9ugdM9RqsbFeUKZ7s3PTWrE,16285.99,2ba85ab6c67f9e41c16ad2583f6fa46d046425b12ade73f700842ff6a31a27ee
1Kqb7qiWHmAnuXbNKAzDKPGF36WMQzbips,19BjEtMNSRYstmbGcN5x9YxA1Kf6K2BLiv,542321.75,2ba85ab6c67f9e41c16ad2583f6fa46d046425b12ade73f700842ff6a31a27ee
1Kqb7qiWHmAnuXbNKAzDKPGF36WMQzbips,1Krg75NdKwE1LDigB4MGrM9cRbBFeQKKFC,14168.69,2ba85ab6c67f9e41c16ad2583f6fa46d046425b12ade73f700842ff6a31a27ee
1Kqb7qiWHmAnuXbNKAzDKPGF36WMQzbips,1BdEFqkSnwSwfKgPRS5y5mPK7dzdVMYRaV,30943.24,2ba85ab6c67f9e41c16ad2583f6fa46d046425b12ade73f700842ff6a31a27ee
1AZY3ZkMPHkch994AdBR2hGixT5DNEn4Ri,15WHKXkr4cVQ2k1XSaGH2bzXMkJzjLYwmD,91303.75,2ba85ab6c67f9e41c16ad2583f6fa46d046425b12ade73f700842ff6a31a27ee
1AZY3ZkMPHkch994AdBR2hGixT5DNEn4Ri,1LnqdPjdZaDJJHRbEvHUaBxQ1h19mLVL8K,163410.10,2ba85ab6c67f9e41c16ad2583f6fa46d046425b12ade73f700842ff6a31a27ee
1AZY3ZkMPHkch994AdBR2hGixT5DNEn4Ri,15qmXEcR3ZKRacF7xtfDJeuGofekzsaiZJ,15685.55,2ba85ab6c67f9e41c16ad2583f6fa46d046425b12ade73f700842ff6a31a27ee
1AZY3ZkMPHkch994AdBR2hGixT5DNEn4Ri,16tzKYjVCHMTByk5oWdVj3kcszYxywgtL7,313423.93,2ba85ab6c67f9e41c16ad2583f6fa46d046425b12ade73f700842ff6a31a27ee
1AZY3ZkMPHkch994AdBR2hGixT5DNEn4Ri,164j4d8YrSRo9z6ZUZogoPbYap4aQweonD,389328.00,2ba85ab6c67f9e41c16ad2583f6fa46d046425b12ade73f700842ff6a31a27ee
1AZY3ZkMPHkch994AdBR2hGixT5DNEn4Ri,1K7uxJqZbjjev98M9LAKzBV3WVn3GxasbD,7725.72,2ba85ab6c67f9e41c16ad2583f6fa46d046425b12ade73f700842ff6a31a27ee
1AZY3ZkMPHkch994AdBR2hGixT5DNEn4Ri,16t5xHepWa67R9oaLox41PWScrfY4T5eaZ,39096.82,2ba85ab6c67f9e41c16ad2583f6fa46d046425b12ade73f700842ff6a31a27ee
1AZY3ZkMPHkch994AdBR2hGixT5DNEn4Ri,1MmjrWh5rsp9ugdM9RqsbFeUKZ7s3PTWrE,23411.27,2ba85ab6c67f9e41c16ad2583f6fa46d046425b12ade73f700842ff6a31a27ee
1AZY3ZkMPHkch994AdBR2hGixT5DNEn4Ri,19BjEtMNSRYstmbGcN5x9YxA1Kf6K2BLiv,779592.71,2ba85ab6c67f9e41c16ad2583f6fa46d046425b12ade73f700842ff6a31a27ee
1AZY3ZkMPHkch994AdBR2hGixT5DNEn4Ri,1Krg75NdKwE1LDigB4MGrM9cRbBFeQKKFC,20367.63,2ba85ab6c67f9e41c16ad2583f6fa46d046425b12ade73f700842ff6a31a27ee
1AZY3ZkMPHkch994AdBR2hGixT5DNEn4Ri,1BdEFqkSnwSwfKgPRS5y5mPK7dzdVMYRaV,44481.21,2ba85ab6c67f9e41c16ad2583f6fa46d046425b12ade73f700842ff6a31a27ee
1Dq8R4PxMLkTh5b1f6LM9Uq6cxApTpQweu,15WHKXkr4cVQ2k1XSaGH2bzXMkJzjLYwmD,162652.02,2ba85ab6c67f9e41c16ad2583f6fa46d046425b12ade73f700842ff6a31a27ee
1Dq8R4PxMLkTh5b1f6LM9Uq6cxApTpQweu,1LnqdPjdZaDJJHRbEvHUaBxQ1h19mLVL8K,291105.06,2ba85ab6c67f9e41c16ad2583f6fa46d046425b12ade73f700842ff6a31a27ee
1Dq8R4PxMLkTh5b1f6LM9Uq6cxApTpQweu,15qmXEcR3ZKRacF7xtfDJeuGofekzsaiZJ,27942.84,2ba85ab6c67f9e41c16ad2583f6fa46d046425b12ade73f700842ff6a31a27ee
1Dq8R4PxMLkTh5b1f6LM9Uq6cxApTpQweu,16tzKYjVCHMTByk5oWdVj3kcszYxywgtL7,558345.48,2ba85ab6c67f9e41c16ad2583f6fa46d046425b12ade73f700842ff6a31a27ee
1Dq8R4PxMLkTh5b1f6LM9Uq6cxApTpQweu,164j4d8YrSRo9z6ZUZogoPbYap4aQweonD,693563.93,2ba85ab6c67f9e41c16ad2583f6fa46d046425b12ade73f700842ff6a31a27ee
1Dq8R4PxMLkTh5b1f6LM9Uq6cxApTpQweu,1K7uxJqZbjjev98M9LAKzBV3WVn3GxasbD,13762.90,2ba85ab6c67f9e41c16ad2583f6fa46d046425b12ade73f700842ff6a31a27ee
1Dq8R4PxMLkTh5b1f6LM9Uq6cxApTpQweu,16t5xHepWa67R9oaLox41PWScrfY4T5eaZ,69648.58,2ba85ab6c67f9e41c16ad2583f6fa46d046425b12ade73f700842ff6a31a27ee
1Dq8R4PxMLkTh5b1f6LM9Uq6cxApTpQweu,1MmjrWh5rsp9ugdM9RqsbFeUKZ7s3PTWrE,41705.74,2ba85ab6c67f9e41c16ad2583f6fa46d046425b12ade73f700842ff6a31a27ee
1Dq8R4PxMLkTh5b1f6LM9Uq6cxApTpQweu,19BjEtMNSRYstmbGcN5x9YxA1Kf6K2BLiv,1388796.54,2ba85ab6c67f9e41c16ad2583f6fa46d046425b12ade73f700842ff6a31a27ee
1Dq8R4PxMLkTh5b1f6LM9Uq6cxApTpQweu,1Krg75NdKwE1LDigB4MGrM9cRbBFeQKKFC,36283.68,2ba85ab6c67f9e41c16ad2583f6fa46d046425b12ade73f700842ff6a31a27ee
1Dq8R4PxMLkTh5b1f6LM9Uq6cxApTpQweu,1BdEFqkSnwSwfKgPRS5y5mPK7dzdVMYRaV,79240.54,2ba85ab6c67f9e41c16ad2583f6fa46d046425b12ade73f700842ff6a31a27ee
1E941j4aEDZePQTMgy772GBABPUXWbsqma,1L3C8dYqniMMs2Mwk3AFRNUD75hcWxREmy,16210000.00,fea8dd9deb870ac22f9ead010fd205a19bb58955a4abe98000a49fd179aa0d0d
1E941j4aEDZePQTMgy772GBABPUXWbsqma,1E941j4aEDZePQTMgy772GBABPUXWbsqma,3882147000.00,fea8dd9deb870ac22f9ead010fd205a19bb58955a4abe98000a49fd179aa0d0d
1Mc92voQadW6UaVTn94BL6fJ9U39s1XCRj,1738Y8XPG269GPNjvS1S4EGMu696kfRpQ9,17918137827.00,d6a619910c5cb8941c292a9e1e2938ae4bac17bbc6b508fbba40d1974e23f157
1Mc92voQadW6UaVTn94BL6fJ9U39s1XCRj,16yttFnNfznRgnHWK9gumwpmXnu28TapmL,4094000.00,d6a619910c5cb8941c292a9e1e2938ae4bac17bbc6b508fbba40d1974e23f157
1CkCMAfrVGpoxJrYtaArLggJcvQvkXfrM,15AEap1u9XLajiSGm5d1V2JDuZoUSpxNtR,1130300.00,a3f1976dd22dc113c2b5873084645b0317533310c37ba281c87e5fe8fb197c91
1DTACn9uUY1KP7aKbVHv6qbvXFdhLiKVvf,1EQ7exk47EhvBQYjzCusia9M7TWaGscwuC,2220400.00,ca527850e18b08d525756816a02f659269ebe883cc5554c11bc633010e3361c0
1DTACn9uUY1KP7aKbVHv6qbvXFdhLiKVvf,19FL6X48JUNzRiY5JVP987AJh1r7uYucme,75025111.00,ca527850e18b08d525756816a02f659269ebe883cc5554c11bc633010e3361c0
15gPkHVEetW3cPwG3KtCJTRrgHqNsHwNvU,1KBSSphW7H7BZK9tebpbMQUC3VtmRhxKMR,130200.00,8b561606c2df3caddbdb7e5edb46a5c8b52c02c946170b5a526a7b665cd49aa5
15gPkHVEetW3cPwG3KtCJTRrgHqNsHwNvU,15gPkHVEetW3cPwG3KtCJTRrgHqNsHwNvU,1411060.00,8b561606c2df3caddbdb7e5edb46a5c8b52c02c946170b5a526a7b665cd49aa5
1NmivuWzTuBYo4J3M7hLGwkWCyzLbeCLdz,1yBX3iuy2oeVhwuHiuBxVVrXw5EFSEMig,9950000.00,b95bf4124eaf2a77414840c791992b9f1500c234649fe35827c150068d31b512
1GGYWZ1PXC3raWg2z3kFpWYXhwK7XrRhnm,15rUG3RtmvnpEKkV6yUvy1Qs9xjJXJtFp1,14814000.00,f14ebbe2d31ac96105fbe42b59ecdfd9381337e8b9cef1a388dff6352a02e89a
1GGYWZ1PXC3raWg2z3kFpWYXhwK7XrRhnm,1GGYWZ1PXC3raWg2z3kFpWYXhwK7XrRhnm,692924280.00,f14ebbe2d31ac96105fbe42b59ecdfd9381337e8b9cef1a388dff6352a02e89a
1NsSEEhUurPQiNKUVtFcv3kEMipQefYtG,1DojJEDc1CRZnao2sangn5PcrnoWWEnBmK,135000.00,000a108e84b3ae659b4ff47a5894930a4bdcc750a9cbfcc52fd77802aca3d265
1NsSEEhUurPQiNKUVtFcv3kEMipQefYtG,1NsSEEhUurPQiNKUVtFcv3kEMipQefYtG,21222187.00,000a108e84b3ae659b4ff47a5894930a4bdcc750a9cbfcc52fd77802aca3d265
1PnuxnS31KRAJ5gtqan1PRx9a6ofTs8pEG,1JXLHSJ6rAs7B7zRaNJXAU7zTcp89vXDWb,45010775530.00,a0ac7cdaa0bfb30998604be6394bd8ae6b1ef6d06e608080eed46c1b621caea3
1PnuxnS31KRAJ5gtqan1PRx9a6ofTs8pEG,1P7nH3E3RQ1MwqUzcL889AYDr26vYRBLNg,700000000.00,a0ac7cdaa0bfb30998604be6394bd8ae6b1ef6d06e608080eed46c1b621caea3
13eo7SsFyvVmtbyUMXC1MrjaTM56iFAfXj,19YrkVXEsbEanC16xi5ZAeJZ9KQPe7CuQK,11646915.97,0492e04a784b4418e362d1a0dea0a0a9957ca8993174ee749ee3bc84106ac691
13eo7SsFyvVmtbyUMXC1MrjaTM56iFAfXj,13eo7SsFyvVmtbyUMXC1MrjaTM56iFAfXj,114915991.75,0492e04a784b4418e362d1a0dea0a0a9957ca8993174ee749ee3bc84106ac691
1GGYWZ1PXC3raWg2z3kFpWYXhwK7XrRhnm,1295G7PuWGyoCeo8M9VNnTWBMx6T6RfU6X,11111000.00,155215a0dd7b662bca0e5afa547f53d0b2fc12816735b6b6d9ec73b174741c91
1GGYWZ1PXC3raWg2z3kFpWYXhwK7XrRhnm,1GGYWZ1PXC3raWg2z3kFpWYXhwK7XrRhnm,838310280.00,155215a0dd7b662bca0e5afa547f53d0b2fc12816735b6b6d9ec73b174741c91
12iFWCbKboBzisHh5xvaYhFPjoDhB1hK7a,1Jzam8rcU7Cv2szBxSxGXKov9D98Qdgbac,102400.00,7227a93e966356fb37a09ac67d0dcdce9364268955f99106de2cc06ccd71721a
12iFWCbKboBzisHh5xvaYhFPjoDhB1hK7a,12iFWCbKboBzisHh5xvaYhFPjoDhB1hK7a,35743426.00,7227a93e966356fb37a09ac67d0dcdce9364268955f99106de2cc06ccd71721a
1GGYWZ1PXC3raWg2z3kFpWYXhwK7XrRhnm,1Mik8AixCAdzTDWGZ3xuqdfe1qhSdmXJ8N,22221000.00,376cf3b1d66592d6aaba2a356fb1c48f354f73210d05df7d9e137f1901a4e58b
1GGYWZ1PXC3raWg2z3kFpWYXhwK7XrRhnm,1GGYWZ1PXC3raWg2z3kFpWYXhwK7XrRhnm,646852280.00,376cf3b1d66592d6aaba2a356fb1c48f354f73210d05df7d9e137f1901a4e58b
12iFWCbKboBzisHh5xvaYhFPjoDhB1hK7a,122jE9reBhFsW6bzshFY2kG6jfkNJH4225,103840.00,c7eedf5667539388dbaa83e3c3f36368ef105d44b86c13f8443c58fb58fec459
12iFWCbKboBzisHh5xvaYhFPjoDhB1hK7a,12iFWCbKboBzisHh5xvaYhFPjoDhB1hK7a,13366561.00,c7eedf5667539388dbaa83e3c3f36368ef105d44b86c13f8443c58fb58fec459
1E941j4aEDZePQTMgy772GBABPUXWbsqma,1GzCqLjfNjmz9osVWVcKiWXp2GsdizKPHQ,34557000.00,f0b3e3e55a5245fea64a6beb660ab06490941428b4a7a96995ce1469aeab7184
1E941j4aEDZePQTMgy772GBABPUXWbsqma,1E941j4aEDZePQTMgy772GBABPUXWbsqma,3898426200.00,f0b3e3e55a5245fea64a6beb660ab06490941428b4a7a96995ce1469aeab7184
12iFWCbKboBzisHh5xvaYhFPjoDhB1hK7a,1JZPC8yro4D4zoRGMsThoDjbQ3Ka4xfpP2,170088.00,b17a0614061e6b5020d2b1be653ed38d73815eafc94dee2504e21e7dbd518461
12iFWCbKboBzisHh5xvaYhFPjoDhB1hK7a,12iFWCbKboBzisHh5xvaYhFPjoDhB1hK7a,14301681.00,b17a0614061e6b5020d2b1be653ed38d73815eafc94dee2504e21e7dbd518461
188eor4oqf5XnMFKcABBjdbyrEMDKFyccm,1QHzYwRuEBt8xnUnMh6tfcXzKnqZAFwMe8,219000.00,f4c3a03a9615ea95a70064d118f93544e758f5c639d382b30c8dbd28df79ce13
188eor4oqf5XnMFKcABBjdbyrEMDKFyccm,188eor4oqf5XnMFKcABBjdbyrEMDKFyccm,273351.00,f4c3a03a9615ea95a70064d118f93544e758f5c639d382b30c8dbd28df79ce13
15AUEqh8PuAtjtWJtauhKXyJWpq1GK7f6r,1FdGYKBn9HiU9Edd332Qqk8HGTxhXxzMHJ,75698745.00,4230c3d30702bd35d1f551e3d7ade667adb66f81ec0b849c1f8d6d10eca344f8
15AUEqh8PuAtjtWJtauhKXyJWpq1GK7f6r,1NcxhLe9zUgqRjk5J6kTSvDRxtWW7QjZue,415700.00,4230c3d30702bd35d1f551e3d7ade667adb66f81ec0b849c1f8d6d10eca344f8
18jvFaif7mpP4r4gNAVgNxxVk34JN1yWoj,12FzCitRGEBQA7FPmPK8AUjJCREAmiVtq3,822950.00,2091438fe1d61d51223f8d575af44a836e0227964f326439ad4d48cbf70ae5c5
18jvFaif7mpP4r4gNAVgNxxVk34JN1yWoj,18jvFaif7mpP4r4gNAVgNxxVk34JN1yWoj,148586335.00,2091438fe1d61d51223f8d575af44a836e0227964f326439ad4d48cbf70ae5c5
192UfTzDs36ve3mNi3PQ1paEyGq8UiekMM,12MDsXxH3B5DvgtQGzWS2JnJh6X63GCZbP,23000000.00,d13feed4a518b6a7824a674afa99b11a4ae2ebfad6901f27c20e7d548c2a936b
192UfTzDs36ve3mNi3PQ1paEyGq8UiekMM,192UfTzDs36ve3mNi3PQ1paEyGq8UiekMM,228267440.00,d13feed4a518b6a7824a674afa99b11a4ae2ebfad6901f27c20e7d548c2a936b
192UfTzDs36ve3mNi3PQ1paEyGq8UiekMM,1PhSXENXXRoTRTuYaxNv1aowWHnkdgsja6,23000000.00,56b9a1104aa11d1a8b88e80872d4edb4c25d8b43b5eab83ed72de185e7923610
192UfTzDs36ve3mNi3PQ1paEyGq8UiekMM,192UfTzDs36ve3mNi3PQ1paEyGq8UiekMM,182167440.00,56b9a1104aa11d1a8b88e80872d4edb4c25d8b43b5eab83ed72de185e7923610
1FoxBitjXcBeZUS4eDzPZ7b124q3N7QJK7,1CxeowPW8aU6tq2acfppYa3wZsewnSdrkP,10400000.00,030f345918c726fe6d58f3f472ce3b782340293cea1439999f3f86cb71a3fb84
1FoxBitjXcBeZUS4eDzPZ7b124q3N7QJK7,1FoxBitjXcBeZUS4eDzPZ7b124q3N7QJK7,10935370833.00,030f345918c726fe6d58f3f472ce3b782340293cea1439999f3f86cb71a3fb84
1E941j4aEDZePQTMgy772GBABPUXWbsqma,1Hy4BJRSR3xBh6QyUGm8Ss39Q7s7cc7srD,872000.00,3ad1aba7ea2ad789e849cbb4c0190a6e49057187c3b61749398e513c98448a4c
1E941j4aEDZePQTMgy772GBABPUXWbsqma,1E941j4aEDZePQTMgy772GBABPUXWbsqma,3881205800.00,3ad1aba7ea2ad789e849cbb4c0190a6e49057187c3b61749398e513c98448a4c
1NcUiKkURZPd3VZEH9uBe5cRdiseWL2Jbi,14EZWWPsJq83HxFtMZhbYGp8PUC2Jyyms6,988500.00,31adcf577cb1b87bede7f0bfc86a20a2dea72e10cbcf6ad47b5e2b7c57f0554f
1NcUiKkURZPd3VZEH9uBe5cRdiseWL2Jbi,1G5PZJakobHnHys24XbArruizYBxGZTaPg,15602.00,31adcf577cb1b87bede7f0bfc86a20a2dea72e10cbcf6ad47b5e2b7c57f0554f
18jvFaif7mpP4r4gNAVgNxxVk34JN1yWoj,14SmNWb9KNzWwD7kij25uPMg9y1P1yyaAm,481742.00,6cbbe10e32bfe6c767dac70b6ecb432eb065759ad25bf4ec5659b129bcebc75c
18jvFaif7mpP4r4gNAVgNxxVk34JN1yWoj,18jvFaif7mpP4r4gNAVgNxxVk34JN1yWoj,143421263.00,6cbbe10e32bfe6c767dac70b6ecb432eb065759ad25bf4ec5659b129bcebc75c
1FsHTVYmVRuq5dGUaiPyeHUWfvX1nzGosN,14SNMhyEDSsyiNUwuRhcWRAwk3oM76JmXo,40650.00,3a699488a0131c4864c089a61bcd03ee0f714b4ad11ac6b8c424c6e00e9c08dc
1FsHTVYmVRuq5dGUaiPyeHUWfvX1nzGosN,1FsHTVYmVRuq5dGUaiPyeHUWfvX1nzGosN,6700249.00,3a699488a0131c4864c089a61bcd03ee0f714b4ad11ac6b8c424c6e00e9c08dc
12iFWCbKboBzisHh5xvaYhFPjoDhB1hK7a,17VtNK9NP2QMT6txbzuNMFRm21zfxhp5KE,16116.00,cb6b4915d5cd2eeca68fbe97267920d28531402f5541ec91bb26ecc5deacac1d
12iFWCbKboBzisHh5xvaYhFPjoDhB1hK7a,12iFWCbKboBzisHh5xvaYhFPjoDhB1hK7a,21176270.00,cb6b4915d5cd2eeca68fbe97267920d28531402f5541ec91bb26ecc5deacac1d
16fx3tuWUzk8zPM8m9KspJo9ahqMdTwbNU,1KyD3rh3xQMhpervZzDf9QGMFhiNpzu2Lb,487158.00,6fb01888d0418f9c12699a4f57b814e7349348fcffc9312e16bfde1a6d2e9e82
16fx3tuWUzk8zPM8m9KspJo9ahqMdTwbNU,16fx3tuWUzk8zPM8m9KspJo9ahqMdTwbNU,2436937.00,6fb01888d0418f9c12699a4f57b814e7349348fcffc9312e16bfde1a6d2e9e82
1GGYWZ1PXC3raWg2z3kFpWYXhwK7XrRhnm,12szAoj61uSTqBTxA4wAbwuRLjXg6eaf6F,35702000.00,8607c5329c53cfa4f469773ccc503eb851042965fe5cee2c8d353401b06fb57c
1GGYWZ1PXC3raWg2z3kFpWYXhwK7XrRhnm,1GGYWZ1PXC3raWg2z3kFpWYXhwK7XrRhnm,41034700.00,8607c5329c53cfa4f469773ccc503eb851042965fe5cee2c8d353401b06fb57c
1PVef8oB5R84dun2x9hnN6USb5CJw4HCay,1AjJesUBqgykX6GQ1GiC9gPvv5K7o7JiNU,1356283.00,7e0419e3c55939f018ecb90a11f524ab896eddee14e2c55bfd8f2f12aabd2e9b
1PVef8oB5R84dun2x9hnN6USb5CJw4HCay,1CdijEKb4AgPpzowdhY6AaTX3mxG59i6EM,232971.00,7e0419e3c55939f018ecb90a11f524ab896eddee14e2c55bfd8f2f12aabd2e9b
1PVef8oB5R84dun2x9hnN6USb5CJw4HCay,1BqqQSKsU2q7hF6NBNVJSJBMp7R42ycvfD,65167.00,7e0419e3c55939f018ecb90a11f524ab896eddee14e2c55bfd8f2f12aabd2e9b
1PVef8oB5R84dun2x9hnN6USb5CJw4HCay,18nWPZosbB1GqekmVvaX7FTBXnEW9o3bcn,54577.00,7e0419e3c55939f018ecb90a11f524ab896eddee14e2c55bfd8f2f12aabd2e9b
1PVef8oB5R84dun2x9hnN6USb5CJw4HCay,1ccpxChNvVsj4EArfzU8rgMcNnEeGL4d2,38285.00,7e0419e3c55939f018ecb90a11f524ab896eddee14e2c55bfd8f2f12aabd2e9b
1PVef8oB5R84dun2x9hnN6USb5CJw4HCay,19egeMZSgu4NBKRsYuhFFmPw7QnaAJFKMf,13172004.00,7e0419e3c55939f018ecb90a11f524ab896eddee14e2c55bfd8f2f12aabd2e9b
1PVef8oB5R84dun2x9hnN6USb5CJw4HCay,15iHv4AcLfm9L7S5dUWewAchzQhUnZ9kVp,895228.00,7e0419e3c55939f018ecb90a11f524ab896eddee14e2c55bfd8f2f12aabd2e9b
1PVef8oB5R84dun2x9hnN6USb5CJw4HCay,1CWegmXmgVAF2Mf8zckUbh6VbtGtLjvdCZ,69240.00,7e0419e3c55939f018ecb90a11f524ab896eddee14e2c55bfd8f2f12aabd2e9b
1PVef8oB5R84dun2x9hnN6USb5CJw4HCay,1A9YLXJ1xvgCr9K4jJHVFXCrA8KvWHaBox,271257.00,7e0419e3c55939f018ecb90a11f524ab896eddee14e2c55bfd8f2f12aabd2e9b
1PVef8oB5R84dun2x9hnN6USb5CJw4HCay,1Cn87ynaMWqB5qcFfxXSSmeMrVZGeV8d7M,32583.00,7e0419e3c55939f018ecb90a11f524ab896eddee14e2c55bfd8f2f12aabd2e9b
1GGYWZ1PXC3raWg2z3kFpWYXhwK7XrRhnm,1QE9osi6qkLnAH7bREMv6sdaDvzg8QfDqD,81476000.00,34c6c4b0c7b285d5259e235aa2c405809256db329fc64dc1ac16bad27e4ab463
1GGYWZ1PXC3raWg2z3kFpWYXhwK7XrRhnm,1GGYWZ1PXC3raWg2z3kFpWYXhwK7XrRhnm,873423280.00,34c6c4b0c7b285d5259e235aa2c405809256db329fc64dc1ac16bad27e4ab463
1V2VTEdpzAN6DhvkcpwGbrgBz9RAzZShj,1yBX3iuy2oeVhwuHiuBxVVrXw5EFSEMig,4950000.00,0b3af0b6f41b2b50c4de6bcb5fbbf9d8e4311cb96ebac958d18a967673de9c7a
1J2eNT85xm9KGT21eEMX8nLxzMwfJM47k9,15ADCVDzX8W6qByV4N9ptwexAsvRzbviA4,13697526.00,d0c756fb68916944df464f34963a9b018628c6ecac5a366062c1bf7228f1752c
1NVoChNu6aPpxoVFqaqKbM9FLKM44DABYc,1KGZDWepFk2kyXWPhL16f88yr6WrtSwKJR,410000000.00,f77defb60dd3993f14b97521b6ce7a39a656529f300e457ece29582c327d7181
1NVoChNu6aPpxoVFqaqKbM9FLKM44DABYc,1NVoChNu6aPpxoVFqaqKbM9FLKM44DABYc,325360.00,f77defb60dd3993f14b97521b6ce7a39a656529f300e457ece29582c327d7181
1DustBryh5qacBgPiNDct9g6niiNAFgFPS,1Po1oWkD2LmodfkBYiAktwh76vkF93LKnh,65460.00,a305ddbf333344fa04fe384d480fd158950c7ef0c6235ff1587b0eeee6bd4ae0
1DustBryh5qacBgPiNDct9g6niiNAFgFPS,1DustBryh5qacBgPiNDct9g6niiNAFgFPS,85078640.00,a305ddbf333344fa04fe384d480fd158950c7ef0c6235ff1587b0eeee6bd4ae0
1P3LQshYpTyy7GKzekGRTmYcjFbSVYUVR7,1HzjoAQENAvnE9oFZrTZ3XoNZTFDmPo74C,10450000.00,212a3848cb1405ecfa4107db8b1c70509c9bb6cf1f579a4043ec335ea3f9b283
1P3LQshYpTyy7GKzekGRTmYcjFbSVYUVR7,19qzjxzs7jvirtjSQFJLvdTJ11tCHPQdFW,10546695.00,212a3848cb1405ecfa4107db8b1c70509c9bb6cf1f579a4043ec335ea3f9b283
16drhb9Mr3gsvRD9D1VAYtAT4x6T5HR6nw,15AEap1u9XLajiSGm5d1V2JDuZoUSpxNtR,1454700.00,89acf76e1c60b86bf1c20848b57fb0d3b85ba6ac352c946aed303f3f82d36894
1GGYWZ1PXC3raWg2z3kFpWYXhwK7XrRhnm,114ucBr1iSTVbkCZaL4PB6ep6dXjaMNQJg,22221000.00,bdada018fd6b5d390daa0409aaef89ad9aecef83f2232c63cc687a783a6eebc2
1GGYWZ1PXC3raWg2z3kFpWYXhwK7XrRhnm,1GGYWZ1PXC3raWg2z3kFpWYXhwK7XrRhnm,752480280.00,bdada018fd6b5d390daa0409aaef89ad9aecef83f2232c63cc687a783a6eebc2
1738Y8XPG269GPNjvS1S4EGMu696kfRpQ9,1CunXLRgqJKRtTMFAu1nEeQEqKSNrCwNAy,17916691112.00,3c69efbd99c4727d21a558704b968d4f1c8d8fd444d1ea50ef2e709a615ee15a
1738Y8XPG269GPNjvS1S4EGMu696kfRpQ9,18jPTMDpyZVJzZeTkyt5ZUPWyuimTNyo2a,1398000.00,3c69efbd99c4727d21a558704b968d4f1c8d8fd444d1ea50ef2e709a615ee15a
112hEsoE41QQG2mTcmyvnsfimirsWDhS1W,1PCtafCu24TFhq7re5efpH9mMMHP3yuk4Y,38522000.00,a9e9948e315e9d2783560abaf0756826ee7c85c5cb012b2826eacfd201598253
112hEsoE41QQG2mTcmyvnsfimirsWDhS1W,112hEsoE41QQG2mTcmyvnsfimirsWDhS1W,138178800.00,a9e9948e315e9d2783560abaf0756826ee7c85c5cb012b2826eacfd201598253
1LeLtaEmgcXpr1KYNzk8yb9JaDTR2WdvW,15AEap1u9XLajiSGm5d1V2JDuZoUSpxNtR,486100.00,ba491476d90059386f655e3e079b30d3c112df493c9a83b5abc6c751d80228db
15gPkHVEetW3cPwG3KtCJTRrgHqNsHwNvU,1M3evhD2yvSVxb2oQvHszMz3sdfsVsZJN7,15000.00,8b29125b40fffdb626528b6c6d307032c0daab37d4d1c6a1dea11df07be86c2e
15gPkHVEetW3cPwG3KtCJTRrgHqNsHwNvU,15gPkHVEetW3cPwG3KtCJTRrgHqNsHwNvU,1709660.00,8b29125b40fffdb626528b6c6d307032c0daab37d4d1c6a1dea11df07be86c2e
1Ly3VDDBrKFmTFJdDzSnaNLKrp5VgNzLue,1Mc92voQadW6UaVTn94BL6fJ9U39s1XCRj,17922280324.00,2ad3e2deeb2d914d3ae996007b9a7c9ab2d40736a38275f114ad9a88452333af
1Ly3VDDBrKFmTFJdDzSnaNLKrp5VgNzLue,1BG1TgZNjAMNw4mPBaXpBkBh1i5eUmHGsP,2746000.00,2ad3e2deeb2d914d3ae996007b9a7c9ab2d40736a38275f114ad9a88452333af
1EWJWz21eUR8d9ZcHam5apB1Z8Dkp4es7M,1BNxoB5P5WYKGt26eZ5pimDdbQnz2uZRpA,1394000.00,cc485a81ca57773f9c0ba7bc902aa31cf36fdc8af8e937fd5aeb80c6d2bb42eb
1EWJWz21eUR8d9ZcHam5apB1Z8Dkp4es7M,13bQGkefP5vV8HERutV47VsW51e2sSmpF5,17987349545.00,cc485a81ca57773f9c0ba7bc902aa31cf36fdc8af8e937fd5aeb80c6d2bb42eb
1GGYWZ1PXC3raWg2z3kFpWYXhwK7XrRhnm,1K4V8DadBpXLzJNNfCg7HWEozmfr8aKpz2,22221000.00,a3cb1a92d7008970a682ec515a2a71c8714559c3f14cf6de35139d60c3b0cc1a
1GGYWZ1PXC3raWg2z3kFpWYXhwK7XrRhnm,1GGYWZ1PXC3raWg2z3kFpWYXhwK7XrRhnm,707838280.00,a3cb1a92d7008970a682ec515a2a71c8714559c3f14cf6de35139d60c3b0cc1a
13HLXjBxQd2xSiy3hUGPPJ9WvqJduGFfpC,19E1iUARRUTTHU88vUpjUuMHwc7HWpH2GP,107413730.82,cc6202e9191fc2963b69c9b8cdfa762c7a327ff4f168eb4f03b38c9bfeb5d6bb
13HLXjBxQd2xSiy3hUGPPJ9WvqJduGFfpC,1F5T5Q6zWWf9J33aq8YNJsh16T8NEbvzde,670656.07,cc6202e9191fc2963b69c9b8cdfa762c7a327ff4f168eb4f03b38c9bfeb5d6bb
13HLXjBxQd2xSiy3hUGPPJ9WvqJduGFfpC,19E1iUARRUTTHU88vUpjUuMHwc7HWpH2GP,136845269.18,cc6202e9191fc2963b69c9b8cdfa762c7a327ff4f168eb4f03b38c9bfeb5d6bb
13HLXjBxQd2xSiy3hUGPPJ9WvqJduGFfpC,1F5T5Q6zWWf9J33aq8YNJsh16T8NEbvzde,854416.93,cc6202e9191fc2963b69c9b8cdfa762c7a327ff4f168eb4f03b38c9bfeb5d6bb
18obzQVPnaJig7A6FdYedDz8xoRxm7Ggb9,15AEap1u9XLajiSGm5d1V2JDuZoUSpxNtR,1254400.00,365b32f58828b57471d98b22cd45509f19bd35074e929242d6a524df431af607
1Jhmj9j5JVTd4tnztz5mfxfsh9AoPBpaMh,1BF8eLEwJeD6wnagmZtniJsSUYgpnZ2RXY,45212645376.00,8b6974f2aba81b05349f0818f6c76d19962d14b7cf8d22f383c617dfa6119881
1Jhmj9j5JVTd4tnztz5mfxfsh9AoPBpaMh,1LtFewJMKsqFsNrAjg7p1vvk1ZCih3tJAr,4037952.00,8b6974f2aba81b05349f0818f6c76d19962d14b7cf8d22f383c617dfa6119881
19HuaNprtc8MpG6bmiPoZigjaEu9xccxps,19HuaNprtc8MpG6bmiPoZigjaEu9xccxps,23556.60,3f74e386180b1f0542e548f6bf210791e9f7f9f660e8f483e13a0bf5d8a2072c
19HuaNprtc8MpG6bmiPoZigjaEu9xccxps,1LuckyR1fFHEsXYyx5QK4UFzv3PEAepPMK,1597902.97,3f74e386180b1f0542e548f6bf210791e9f7f9f660e8f483e13a0bf5d8a2072c
19HuaNprtc8MpG6bmiPoZigjaEu9xccxps,19HuaNprtc8MpG6bmiPoZigjaEu9xccxps,23055.40,3f74e386180b1f0542e548f6bf210791e9f7f9f660e8f483e13a0bf5d8a2072c
19HuaNprtc8MpG6bmiPoZigjaEu9xccxps,1LuckyR1fFHEsXYyx5QK4UFzv3PEAepPMK,1563905.03,3f74e386180b1f0542e548f6bf210791e9f7f9f660e8f483e13a0bf5d8a2072c
14kNczfL2dnBHWVHMdMZwLoggcC3UGtKRu,1G5A3JdKktCHojC8XoXnffjybbZ8ow7bT3,735541.00,2d901e6c6901f5c5f619a81ab7e3954c15bcce2f92f1e4911bb2392208b71642
13vfe8nGRGhEqA2t1f18z7he3NPnQtoJ6n,1yBX3iuy2oeVhwuHiuBxVVrXw5EFSEMig,19950000.00,dff70df852e9255b60698e9b611be8818abe1b8d4894c2ac92018cc80ecef7ef
18jvFaif7mpP4r4gNAVgNxxVk34JN1yWoj,12VscDJTEXAnJrdCvKntekyFUXnCek1VPo,820136.00,c68451fc5f98910261df865f5918559a1f59c33e6e29c5da49acce268fa0decf
18jvFaif7mpP4r4gNAVgNxxVk34JN1yWoj,18jvFaif7mpP4r4gNAVgNxxVk34JN1yWoj,143972205.00,c68451fc5f98910261df865f5918559a1f59c33e6e29c5da49acce268fa0decf
1FoxBitjXcBeZUS4eDzPZ7b124q3N7QJK7,17V432YGrYFxTbkVFiVKtZznNqdySUuMHc,1685323.00,31e52e98a4f755d6689e997150bd2ef2f4db3c3ba59057e42f70f9548ee7992f
1FoxBitjXcBeZUS4eDzPZ7b124q3N7QJK7,1FoxBitjXcBeZUS4eDzPZ7b124q3N7QJK7,10933632568.00,31e52e98a4f755d6689e997150bd2ef2f4db3c3ba59057e42f70f9548ee7992f
1Ed7XTWVLhQPBTr9zyK8GhKjVFd1EUaNBE,18jrBmbyen82svXfTfXYJnYJAAxEfRkDs6,3176879.00,3f0814408201313f5632a747f43ac8748f555751aa6a04a5af16eccf32b4e6e1
1Ed7XTWVLhQPBTr9zyK8GhKjVFd1EUaNBE,1Fy7ipyRzmUSUD8SMZtBAiKRhPifBwdk49,7461396.00,3f0814408201313f5632a747f43ac8748f555751aa6a04a5af16eccf32b4e6e1
12iFWCbKboBzisHh5xvaYhFPjoDhB1hK7a,18JnxempJ8M9ycrUSjNoJzVf3ftCRNHKpK,24000.00,18c80997543ee1c625857100fc526d931faa6431f19a89480847488f2ab802f3
12iFWCbKboBzisHh5xvaYhFPjoDhB1hK7a,12iFWCbKboBzisHh5xvaYhFPjoDhB1hK7a,35915026.00,18c80997543ee1c625857100fc526d931faa6431f19a89480847488f2ab802f3
15gPkHVEetW3cPwG3KtCJTRrgHqNsHwNvU,16UauiXWtM9MAN6Vnf3NGAC2qo66HuQW9y,60000.00,c8a96463ecdb802237f1823d33ee2287e579be121f787b25b5723cb939d4aa5f
15gPkHVEetW3cPwG3KtCJTRrgHqNsHwNvU,15gPkHVEetW3cPwG3KtCJTRrgHqNsHwNvU,1199160.00,c8a96463ecdb802237f1823d33ee2287e579be121f787b25b5723cb939d4aa5f
17BZtN1Pdwzcs18g1aRuwvUTTT41jxPkWj,1M64h76kLyyxk9NbofVknucW5Uu1M8ekE1,312100.00,5194f2e28d843d7309edfc92e761fd1a4ac4abfeec580e7e6e735e56e8931e84
17BZtN1Pdwzcs18g1aRuwvUTTT41jxPkWj,17BZtN1Pdwzcs18g1aRuwvUTTT41jxPkWj,330597244.00,5194f2e28d843d7309edfc92e761fd1a4ac4abfeec580e7e6e735e56e8931e84
13yBHXLF1T9RLCm3Vx7ePodyDJnz7SqME5,1yBX3iuy2oeVhwuHiuBxVVrXw5EFSEMig,9950000.00,f3483257f02f6a26f939421397b637825397d24ef89b6577a18275027eeafed9
12iFWCbKboBzisHh5xvaYhFPjoDhB1hK7a,18y2JtCzLxwLaQrksWj3EY8hzdx67Jz7jM,241876.00,b1ef34a403e55dd2858b0ddc85f2e00662730f6368ffde9a31bae857186820a9
12iFWCbKboBzisHh5xvaYhFPjoDhB1hK7a,12iFWCbKboBzisHh5xvaYhFPjoDhB1hK7a,15166291.00,b1ef34a403e55dd2858b0ddc85f2e00662730f6368ffde9a31bae857186820a9
144xuNkvvezAxVVDhSvPqrVbonav8aRoxM,1G6dEMySjVHKYTvn2UsqSALYeAYgJphST8,19972039.00,544fe5a8e7c522bf0e1353a6f273fdeaeb661a2e0fbb56b6bf041063872cc1d8
144xuNkvvezAxVVDhSvPqrVbonav8aRoxM,1AW2gLeeyqSVdxuR4JWxLrLWHAAXs4J9cM,378990742.00,544fe5a8e7c522bf0e1353a6f273fdeaeb661a2e0fbb56b6bf041063872cc1d8
192UfTzDs36ve3mNi3PQ1paEyGq8UiekMM,1HvRgyW1xRjjkYdqCQL5tr7K3mtgcZZgv5,23000000.00,902d2c3bccecf478bbd42baf7ad8249bfc6acf55d06bdd5e180fdb98ceb09ad0
192UfTzDs36ve3mNi3PQ1paEyGq8UiekMM,192UfTzDs36ve3mNi3PQ1paEyGq8UiekMM,205217440.00,902d2c3bccecf478bbd42baf7ad8249bfc6acf55d06bdd5e180fdb98ceb09ad0
1P5TZ3zZZmTiXWqHU8HKqHaDgpY56M3Pvy,1yBX3iuy2oeVhwuHiuBxVVrXw5EFSEMig,19954000.00,26fbeaa230eb339fee9d3f006bdc315fa5369f5b475caadd27e6f6e7923f4a84
